"address","balance","last_tx_at","last_tx_hash","code_hash"
"0:D5F40F56D06A5B9C586223A849906512348A94ECDC71FAB9F915542C01CED991",100441469964,"2025-03-07 10:07:41.000 UTC","rLqYPwo5chyWYqP6qnfQ9LoBdZrnGvesVkcQgBL4l/Q=","KDALIz33zAQeqngMnYCkneX5K9qcMEQ2Yn+yAFCI3hM="
"-1:E250F65D28B382AEA70DA43B8518D1268AE070301D7C4C15CD8C38A67B0A4313",98871523394,"2024-10-16 15:36:16.000 UTC","qOD2SMUN+Tyq3i2TZ5mWp776Wlj8vT256fOn5EoLPUQ=","hNr6RJ+Ypph3ibojI1gHK8D3bcRSQAKl0JGLmnXS1Zk="
"0:BCA5D381E84775CB87C62C2A0E922C163A6E866E82F45A7DAB747BDCF56B898E",42671216582,"2025-03-23 00:00:40.000 UTC","jv/E+8sJaX7bOsvKyyo2LU0k5QwDlXsCk94JSSe+B8w=","RvnFm7bG1MISRqYFXg/iWs94lNIh53wV8maGSoACw5w="
"0:3311F653DA48947935078AE188320298385916B723BC61995EC73137EF66393D",33976389204,"2025-12-14 14:07:08.000 UTC","Wo7wxByE65d9S3fYvVLiZ0kwcqmPGL8jHp7mBtAaApA=","tG5ULAqD4kJd1HmbT0JJxD0bgZkHxLJwky1nDr7yhlU="
"-1:7A56045023DE0B7D3E6EC80E2FB245DF9B8AD5C1FD66CFC7749E5696AF882F1F",32759444006,"2024-05-31 12:29:40.000 UTC","gSeo6wgYEeZ9zAsmU2PeY3iXUNjnpCXAYGOblFbN0CM=","lqKW0iTyhcZ77pPDD4owkVfw2qNdxbh+QQt4YwoJz8c="
"-1:8E73C5B4A997A691983006A974DB17A16EA6B506E82E37DF6B761483989A1E4A",21999976001,"2022-10-24 08:58:01.000 UTC","qIHttaI4eYavfPyiKhJtnGKw+jEOZQrRVYunCvVGaj4=","mj7BS8CY9rRAZMMFIiyuooAPF92oXuaoGYpwle3hDc8="
"0:9E227A8D2F3D551E34C272F3374FAB5E1DA23235A5395E19CBA0767A3CE2CDA6",17941461049,"2026-04-01 08:42:24.000 UTC","sL8G6GVwkwSHazK7zd1iS8yZAG2p0kX394c32Rcecj0=","lJTRzI7fEvBWcaGpugmSEJbrUIEeGSTsZcPGKfu4CBI="
"-1:D5AE8E23B3F438EDEE4A5A67CDB6D3AF4C53AE9854CD197DFBEDF5F269565AE6",10320895174,"2024-09-28 12:59:35.000 UTC","SYnQjostDw7N8+OvTEjxa7GW+yBaMP6p13Yf9ZFAkAY=","mj7BS8CY9rRAZMMFIiyuooAPF92oXuaoGYpwle3hDc8="
"0:9CB4DBAF0F21E2DFDD5D69422576A87CD1C48B29529B3AB6643AEC2FF772598B",7777211447,"2024-06-16 10:39:16.000 UTC","IABHmvg/L8sZb3amfXLMzI2r5by3Ge2lOdmTHgbq1GU=","+SRmfw/EvHgjr7xKTt1CfZd8IBZZq2rXINMdqDWonQ4="
"0:82FE6147F7870396FE3AE3A5E7730404B9BE015B3B46E7B0286A6D48CA708B06",4368511945,"2025-10-25 19:23:32.000 UTC","cIDL/FyWHIaZbDOtXrFOGDRYTpTFvAKHkqVU4GZEeUw=","lJTRzI7fEvBWcaGpugmSEJbrUIEeGSTsZcPGKfu4CBI="
"0:E86567E2C145FA4EFB1274A1F9A72F5D1119C11066095D37CE89AA8FFD134A57",3029316202,"2025-06-19 12:47:14.000 UTC","VsdVBqGQgBtvW86E0EnQgYccBWXAHyUnSSoYy7Mpw60=","udgMfKXl2iJgVtlgTp895eh4zg5MvI6ZZbiYWb914Hc="
"0:B506AD46258F4E37FD96A52AE85655E97A3CDF2CD03C5E82F6318C6D379D196C",2167089780,"2026-02-28 09:56:54.000 UTC","o3J8iOQpJVWQ+G2z1TIEgSoAaG7tCPd+FgnctlOXPow=","RrvsLpj9/9cIqVCYkM5b5ZpIYpSodPUkseQTESAPXI4="
"-1:AC5C14C94204E355611FF52F8433487074E69F972B9AA9A1F600C95DB4D64DF1",1853103135,"2024-10-03 06:05:58.000 UTC","GUxbGYeqOG59lTY2mkav9QoPUgyADT8YwYUFC9q+LOQ=","WHzHie/xyE9G7DeX5F/ICaFP9a4k8eDHpqmcydyQYf8="
"-1:F27153FDAB6999A948147167A2C978C2D4AA844B5C7F829206DA63D3E4C80D8A",1810792333,"2024-04-23 08:58:09.000 UTC","H5NK08PGqX2o27EO5isjPvcSogKwcEu1BmcpzBBvpC8=","O6akXYty+TkzkYvGQAoSVtxpt55sZ1b0QqxZ8TasWp8="
"0:2F79D3D9D7A85A374425FEE6582BE1BB82D12367A8D24D0173E822E1D21C42C6",1499007888,"2025-09-09 05:15:26.000 UTC","r894XyLTrk5iKVF8RS0L61CjdahXV7VNSWPb2Ji+dAk=","x37FADRh21bYGrTFXhMkg0LH5J+5VIwYF23zvvlKwjc="
"-1:55D902AA5A18EA546C760841F6264EAE1BD5BE03B22AA27416277ABC616CC46E",999997085,"2022-07-19 23:59:13.000 UTC","Hjt3udk8vm/915MrcrXgiZboSkyaCBwgjSLimg3KO48=","mj7BS8CY9rRAZMMFIiyuooAPF92oXuaoGYpwle3hDc8="
"-1:5B667EBE15871247368B4A6527DF1E8E2CE6DCDD9EBD03BA33C4E7C6DDA6908B",999931769,"2020-03-18 19:49:13.000 UTC","GGUJ3JyECkGLW5nHNFVS2aJA5Jqg4/mMK5vOiPj7VYU=","SxiNUH3oIo3EoJmyjZgVGRVMduqBGRpR8Wbtd8UkwDg="
"0:FFC16891287104B14BC6DB3E83759D7471DE7BEE5963384F1594EAF8D08CE4A7",867047996,"2024-12-27 14:55:42.000 UTC","on4EXCR5IdDeM0Eprf40m2oynW4PKnKULQEZT55WhVE=","wuThdCx/ZDcDfVHXXHF4wp6B48NNLo0LDX3i4u8amA8="
"-1:BC0F16E81C897DC2A0A507D0563989F9334BA697214C88E3494485618DA62FF5",733079582,"2026-03-16 11:19:21.000 UTC","HbPtEqEafJC4IK9W3yGZ8HPZEe9UVmmA1LBLOKnPfUQ=","hNr6RJ+Ypph3ibojI1gHK8D3bcRSQAKl0JGLmnXS1Zk="
"0:D3B430DC52A9EC7434B81708B4AA7F63472D1A6DBC86EFCD7770C9BD2FA1741D",662828161,"2026-05-17 02:41:02.000 UTC","9lOsMJ1tnSLxgkRd8HkDiIe64rVnQDfJLCiIZ36SwjY=","FozjW/co4RiR5pIl7zvjxMVFNg2VWg4vlzck2wjsNiA="
"0:29578F6C3A68D4E35C7A75AF7416F53EF1E56F62CDA5A897956568794D14860E",476846905,"2025-09-08 16:07:19.000 UTC","2dQeyXdHxBcg03fsX/C/szSIlVJLI+Kg8vHirmcDVGw=","z1ZwWicxqoxeqJ6LfCuuUo8dnObaD5RJ8TNo2IIZzlc="
"0:2A64E38B40DEC391BC61010080B536F10049549E12E3C4699DB245CDA5359063",345662305,"2025-09-09 05:20:01.000 UTC","R7YPemUaXgpaBmrxNUk2ZwdA6LxzS4/Z9zlepws5K7k=","x37FADRh21bYGrTFXhMkg0LH5J+5VIwYF23zvvlKwjc="
"0:7CDAD050C699A6FC1357450E1035E66BC875FBC281ED19E9A187EA8D6DC37746",256121030,"2024-11-26 07:28:27.000 UTC","QKyykZPd3O7Lie7/CZ4cdFIQhQPwTKRxtv/fu9Nf6o0=","LNSpafNMZQoNVDUEWBRdg44zaCfDvBPpHaEmmt2FM0Y="
"0:3BB846F42DAB899F667A4BA186A0D6CDDD9FEF4307BD2677395786311494AF0E",109655481,"2025-10-28 23:51:05.000 UTC","XnaxcwWklPwpkTmrVkEnLjj2uHMBl9kwA97XSnQkZh0=","/rX/aCDi/w2Ug+fg1iyBfYRniftK5YDIeIZtlZ2r1cA="
"0:AC410D8B8E5175A12DCFDB011BB047EC77DCDC6383F6EE9D882D2A81F42DB54E",96072940,"2025-09-02 07:03:43.000 UTC","5kmVdpBpsNGIKvuWLA2j2FbTpA+lWkXhXvmhsvVngzM=","ZFU0vXrzO7KkQg162WZSwo+pqLp0K1sIHB8S7v+h8LA="
"0:B3E84CE34DFFB6A1A491CC8724C09DE253FB8AB62281E3871CA765F74FC47C21",61305749,"2025-01-22 05:41:06.000 UTC","ScdMK5TcaJS6bGdm/KarpUmgl8ZGT/jh3ft1xCl5DCY=","7dgh50E4PyRTdRbfI/+rkAWFpnGlKRr99AZlZeKOa7Q="
"-1:3D44139FF4F41F8185AEC7F7AD37350D5A32BF77BC17C64785C9536FA1FE3A56",6900000,"2025-05-03 13:38:42.000 UTC","fF7gKNkagI0yBlZhv5CKTvohaTZYnzcBcKOcWBZFjXg=","hNr6RJ+Ypph3ibojI1gHK8D3bcRSQAKl0JGLmnXS1Zk="
"-1:6D2631B63FEC5ED187534B19D87679AF3C76B279D541A3B2547657320612A019",2000000,"2023-03-09 23:24:56.000 UTC","gftnu+tawRTJZmtuD9zbqLJFgLZYsI0kKibroh/UXKk=","WHzHie/xyE9G7DeX5F/ICaFP9a4k8eDHpqmcydyQYf8="
"-1:16C21E8DAA7CE857251E3300AFAB5758C2F3FF05827AD85B079A3ADB1A092655",1000000,"2024-11-21 00:52:22.000 UTC","DeKemMrj98Y2vyaS42JXjqWTmNh2F7JjvJk/51MpXD0=","4Jkq+pluvacfna7DPpfFTfJ3AHKBh9ZpjkE6bnTSRJU="
"-1:AA0DBFC263861409376F36375194BFF981036685E54277EF3B5C339378B46DB6",1000000,"2025-04-11 07:24:43.000 UTC","DkkfRB0Z6fki6E6KBGonLj1jYNOYEizbY0IgWOSzllg=","WHzHie/xyE9G7DeX5F/ICaFP9a4k8eDHpqmcydyQYf8="
"-1:B1A682B3478F567817A4E0064D1E71A4BC94BAB127935A9CAB71B86CC0749C98",100000,"2022-10-29 11:12:53.000 UTC","Ch6PKNq/7HjrKrhkvkOqtN2JrEwN/3dQuoExoGvSwOk=","WHzHie/xyE9G7DeX5F/ICaFP9a4k8eDHpqmcydyQYf8="
"0:80B92FA83C836E802B446F290EFFCED8DFC00D731191DDF79017E8CB2BF7080D",10000,"2026-04-14 11:52:25.000 UTC","62Cc3VDk55L8bAx3bt3ulQvi2iuJaSbgeTyLnNzZoVI=","wSEuA9JvA6l//VQLUYiVk+WiXZZxN47Dk3D2SPodT/s="
"0:4A1C253473F07AC67A21E8C42D93004ADA5AD29B874A371D8F09D18BDF7F7F8D",1000,"2026-04-01 08:42:24.000 UTC","qaUe4MPCS99sWn4xUSDzrx6POQGAQe5CzHG/WJKK0PE=","lJTRzI7fEvBWcaGpugmSEJbrUIEeGSTsZcPGKfu4CBI="
"-1:5BB7D1BB52F6A14B0EC63E0B00E1735E455D3FB16E7666E0CFC2BD661DD9C63E",1000,"2026-04-08 11:08:07.000 UTC","2CGO3Ow6BF+KxcZ+azRXfiMzkVdvV+uQYZ0MO78O790=","hNr6RJ+Ypph3ibojI1gHK8D3bcRSQAKl0JGLmnXS1Zk="
"-1:51E9AAB43E70467ED4D34DEADFFE62AE8053613B468D7D46D09B38EE02CBD743",1000,"2026-05-04 14:23:42.000 UTC","Bk59wKNCw0exGScFRbkf61Evhj9AhVtsT4wlu6lxBvk=","WHzHie/xyE9G7DeX5F/ICaFP9a4k8eDHpqmcydyQYf8="
"0:10388F7CD57FE47EBCAC9FCF4C79A5237553E92621C7AD308D6F04552410B2E1",1000,"2025-11-07 21:15:39.000 UTC","5CfTXikLHBqFA72GqICVzoHY1dxwg9sXcqQT9LlYX58=","8HtsfE3FDvTqZt03jsabraNxd2k7kzPSiNbDPpH/QsQ="
"0:8BB8E216A1086CCB904D0728C324ED01ABD3E08CB93A3A5415A1707158CC7175",1000,"2026-04-01 08:42:26.000 UTC","bB7T4i9SmHOuDXKvHVrdfrb+TDio99dvXwgWbyix6B0=","lJTRzI7fEvBWcaGpugmSEJbrUIEeGSTsZcPGKfu4CBI="
"0:C8850E463AFBED5567637199B0B5B7CC9253CF790383C260B9BD230894F5D7CA",100,"2026-04-15 23:17:09.000 UTC","x44J40lxRiXYG1eCSx97vs968vQnLAPBYIl0ppqrAoc=","TJUQXmy2qsJb6e31/XgcN+KuJCUgaR+AY43EuUaiHAA="
"-1:87BC939BE84E521F6F73B8D642D1AC0D927821E528B88C1E2AD08C7C8E6C0D54",1,"2024-03-29 17:19:41.000 UTC","q1UquH0MTxl/n6YcM2p6DuO6N9oVXPq2i44/ENYyC/g=","wTjl4/ql3ZDNfQ+w176WJyti0pH1agqk9MlG2HgOH+4="
"-1:AE37E1D305C5450AF78F6C3A9DAEB0F170EB03548A1EF3FF0710DC0C7D59344E",0,"2024-04-12 18:19:59.000 UTC","bUAeJhYL2vPK1z0XE2d4+FiClA9jHeW25SPqWKI44QY=","WHzHie/xyE9G7DeX5F/ICaFP9a4k8eDHpqmcydyQYf8="
"0:1D9E6E881F5C23C7539B21D0F484BF48523CB75EFE420966B1DF975E988CA62A",0,"2025-11-15 22:42:03.000 UTC","eA3dd8rjuP9IHRMEupPWZdHlJ9X+37guqYwRrYttYE8=","oiaCaStrVg1UnjjNyNaMQJQ2cVyMH1XMGIax+wGuWwc="
"0:30097AE6259192F047C5F870D34EB80DBC00156A645106036D8FCD319BEFAD84",0,"2024-08-14 13:27:01.000 UTC","DPqKpeHwH98XfJIm1iL0cE0DqelOB8am5wVtOzUs/+k=","p4DOEBRgNOqnK6G46yOcZO1RYk6JREr0JnbLbjBVs84="
"0:530748223AE2F02BC57E93E56B838357C7CA77BCBF875C84834D52F4B5720B34",0,"2024-10-27 07:57:57.000 UTC","SSSgvTXFyEOZCV9e0WFD5trXsx/VunjsFlEDgNBu7l8=","ELXFibUEE46qUSFGOoRfVgEdDcxi87cdgDIJz4E6iQ0="
"-1:4F4701413FCA5650D55C330D0CC4CD232D15931C0148B6A0579AD5B414E94319",0,"2023-03-23 09:33:16.000 UTC","3BaQ/e8TdUIe7T7EKICPyqs3tLTxmUybzubc7043dHE=","idlku00WfSC36ujyK2JVT92sMBEpCNRUXOGO4sJVBPA="
"0:30B4CD9F41264FA40295E58B03F540C7C7B80C02B2B086D8ED265A60EAFA224B",0,"2025-11-26 03:47:02.000 UTC","z4VdIW9rT5mXP0rR/5XTeC4WgiT07UE2Wfhqc3Dgogg=","IYCTWtYM1RXG3ifDaLMYbF7T3e2pZ3b0NhRy+WsoDb0="
"0:183493904C0F45A99178406C7370F12FBCC5A43FBEAC9DF23B8004C2BABFFCEA",0,"2025-04-30 06:56:34.000 UTC","6y6zckwRWnPPDhFsHGea7od/IEq7/t5wL2+SWSrFVnc=","py9+y/HnS9GL0rTr80htaNoMW1PoM3ILqTZIqzSh+Ng="
"0:8EDBDF1773449645AC768FAFFE96E923708CB0FEDC285A7DD5E738327C63ADF6",0,"2024-12-23 07:15:22.000 UTC","fHYkGelJE1GXT/70VY+S0xXVJnlNX7m5mTi084f8wYs=","M97Ruxse9E3CsLy0JSpVFdeV596LyF5GiUd8YxV+kEo="
"-1:5C6C50F40349465F42288BCFFEDE4ECFA51C68BD8F858EB5E4C4AE6D929CC964",0,"2024-04-12 18:20:24.000 UTC","JMQNiEPh8Bn8tBh4BPT6Lf0qU0gVEG7dWDtH43onq3k=","WHzHie/xyE9G7DeX5F/ICaFP9a4k8eDHpqmcydyQYf8="
"0:B7ABD6DC4312360D673485E12C5574349D684579ACC94A180FE3DADCE7E5E64F",0,"2025-05-21 17:49:18.000 UTC","CsVsPF1vGHClH8jD0kqdDhILFvjrnPfWU7prAhxwmoc=","Q/miXHAY83BAsValP2q4AHr/PkZ1dLPwi5w09lEnX+8="
"-1:0EFF3EFBF3E0CC0C276F760D23C26139AA4E795C5244E0A593B522BCADD3C3B2",0,"2025-07-21 22:52:57.000 UTC","umlNnDb/xh0JMGJxjh82kBLv1IkKruOl7TiWR43vg10=","UJrTh2OQA7vDirAJWqsHYyIPFRHKELFefb3q/m4iv6k="
"0:284BEBAC6D75706F4EA3DA9F19636D0ABEDB3A830C4B904EE3466FB98BC62426",0,"2025-07-23 06:28:23.000 UTC","xIB6uE8c+W/GQFBAVc/OWMe+tcFh+8RC1QLPuU1gTzE=","F3PTCrQFQXWE5pH8v2sdPRs4c/ccOGI9IbIZzc5Tes0="
"-1:6FFDDBD2033B3F9EF3FF67C7B813A105F7D1071652BB733E951C776EAE313BC4",0,"2024-04-12 18:19:59.000 UTC","t1mgPUiW2/54mCbyZZt6NdL3grS0upmrfX6PQ2DUv5o=","WHzHie/xyE9G7DeX5F/ICaFP9a4k8eDHpqmcydyQYf8="
"-1:EF5DB77C82E322D9975F52E1892C52318AD4C0E0DF562771F7DBE5341BC2E745",0,"2026-02-26 10:37:45.000 UTC","sOKMoFKzsvU4hLBFRcb1dKIDag09sD/EguoXXrfN8pc=","5LTtFbcjBfV+JgCO7jKfxuEr/1/2+3wWJJ8Xq44hEQE="
"-1:422D62DF0ABF15E61F8D3DD74E9431F56ACFFAB228492A3490D411E62469D566",0,"2025-03-26 17:13:11.000 UTC","2ctdq54rIs0rTt14GlBQuE90SPBQB6hQjKjPRwRV0GQ=","lqKW0iTyhcZ77pPDD4owkVfw2qNdxbh+QQt4YwoJz8c="
"-1:70BF52F110B9FC635DFDB8F9CFA8D12C87DD67F3DC4387C9A7F97FBCBB55C8E7",0,"2024-10-23 09:52:39.000 UTC","wnPH6d6DKYAvDlblTmB+cgjMIOf5gPsdWDmMDcW2iFw=","lqKW0iTyhcZ77pPDD4owkVfw2qNdxbh+QQt4YwoJz8c="
"-1:5726DF33BFC63881AC72261B447CE5660A9C164721E16984FE80C4275DFB8D6B",0,"2022-12-17 14:24:26.000 UTC","8DjGx7SUGfiiuqBlgQ63C9JImSuWKUerQoezqIKH15w=","WHzHie/xyE9G7DeX5F/ICaFP9a4k8eDHpqmcydyQYf8="
"0:B60B092E816E801EA7E627C12CDD04791512A43CED374EBFC876F20E9EAABF3B",0,"2025-07-13 07:48:13.000 UTC","GAO0QBLq9MsmYW53tYxdo1epss4O00idYNe7AUEf6rE=","fCElF4tQJRpLt0cRUay/m0IBGYGuCxJQ4uJAnY4ljVI="
"0:269EE28447D16FB03AD5E31BACD2046A352BA85524359B75A9F58E235ED4498F",0,"2024-11-29 23:33:43.000 UTC","wRA2iLAN9Rjlf7gBUici7RzxDL8Rhqt7bBinxC2Bs98=","ZFU0vXrzO7KkQg162WZSwo+pqLp0K1sIHB8S7v+h8LA="
"0:9D864EE438DA33709E9CCBA54A0D4C2D01BE848597A55C91D2D716785CE0BE3B",0,"2024-12-28 17:08:57.000 UTC","K5w1EB54i3PC2QdPKszP0rwMyvcbc2Wwe5ELOJKGKaE=","X+7eRFbHQKR8Ug2S52iW2T4R3F+6yD01kyt3SOC93sg="
"-1:A3FD06E842B662AEF07C4A62389FED2B720854B78CAB39F4198CF8BBB1E98B90",0,"2025-10-16 05:51:35.000 UTC","RX6yuTeIuNpIkzwIL/ewyWcYjU3VatbMuq/ZdIikGA0=","mj7BS8CY9rRAZMMFIiyuooAPF92oXuaoGYpwle3hDc8="
"0:AC006D2E1BC616BC5087916B2BB69B1BEB131D6B7067FCFB0F0E07E334CDD86C",0,"2025-03-19 14:57:19.000 UTC","2Vm5XQjLghvBFIIx73uwLq2hV8E4YAKmF83yk0Iz0Uo=","M97Ruxse9E3CsLy0JSpVFdeV596LyF5GiUd8YxV+kEo="
"0:2C5A43265A820F157CC91A4E2499BE8CA2332F2ED8D01F7AF3D32C0760F05FDF",0,"2026-01-14 13:22:51.000 UTC","8e2AU3e108UlMAVmpjAMw9GsNqww9ewaQpye17+8kc4=","6KFLvPELbNypnKHwk6ylX+gdPVQyYMf6TGEjWXZcd3U="
"-1:B1C96C863F8F894780CA233EB022EF079289FAB72F694E6F998604D3B5039425",0,"2024-09-26 06:53:56.000 UTC","WFNa8su6KetXHpPUsLKxkkhTCOU4A8xaHcm1oBc9+Cw=","lqKW0iTyhcZ77pPDD4owkVfw2qNdxbh+QQt4YwoJz8c="
"-1:D6326DF76D083555EF7D7BF153BFA4C4E03290173DA5A8ADD8A059E288AA8922",0,"2024-04-12 18:19:59.000 UTC","rC+gZZlBloAjqziG6tWRcTXjc4HWONn7saeVLuLjtQM=","WHzHie/xyE9G7DeX5F/ICaFP9a4k8eDHpqmcydyQYf8="
"-1:0F6F14E74B9521C9E60B553E0225A6129F8285387B3112C42570042081F20AFF",0,"2025-11-18 16:38:42.000 UTC","nA9YkJgRJlkyqomU++tx2eIKLFNtg52m8SzBfDoV6Y8=","MVd1/ItR877Otz1pUocOaatU2hQJAZS6FLZFI8WmC5o="
"-1:8535FC9422EDB7371319BFD74FD84FC0D74DEFCA0FC301B487D0D4464C93A9D2",0,"2025-01-17 14:22:52.000 UTC","lPrT3y2RJ1z2dEpCqWYi4yxOHRyKhjsQ7l4lLQYbtCM=","mj7BS8CY9rRAZMMFIiyuooAPF92oXuaoGYpwle3hDc8="
"0:31A72EEAD39760FB6E89F0FEE1ADC1D96DFD2A7753022483B0078F636D229242",0,"2026-01-14 13:22:32.000 UTC","ldqx4x8hhyifRmVc7EOVhJ9fyO8L5tI32fJ2GoP7o5g=","6KFLvPELbNypnKHwk6ylX+gdPVQyYMf6TGEjWXZcd3U="
"-1:0DEBA806342F9ABBD55B0CDFF4BEEC190A58B8A3DCD1340D05A53BE077A06D48",0,"2024-04-12 18:19:59.000 UTC","7kF+0We+7q0q6tnw0Xf69KlkdwuJ7wMAwf6N6/Fnk3o=","WHzHie/xyE9G7DeX5F/ICaFP9a4k8eDHpqmcydyQYf8="
"0:10403E0B8CA5FBBCEBADF556439F00DD5D9547E1D089F6CFBF72ACE72D3F5D0A",0,"2024-10-07 15:21:11.000 UTC","mPC30YQYOFHQ6d9uebu55Zauc4MAcTsEp7OrIXUQtHQ=","968mXgzNGxw/wXcwF9nFrdZLjGaNW9GDBvpUGII+wT8="
"-1:F2491DCE3BF7E05ED24265E367A05DD9F8755F280D1481097AEEB2DF234C30B8",0,"2024-04-12 18:13:48.000 UTC","GQBMCZxAiqi5OQ8ytPDNF0yQWFORuJx52+WGKq65F2U=","WHzHie/xyE9G7DeX5F/ICaFP9a4k8eDHpqmcydyQYf8="
"0:69264CF657DC57C973D482C39410CFE52AE7875A89A87AF5ECBB762CFDE41079",0,"2024-11-20 01:26:04.000 UTC","932EEJmN2afa2Jmbza47wwzx2VnJ5OBC3byNy72enGs=","q4QerGz5p/IYWNlhS0YH2AsLQ+HfPgiLkfc0SD/jgqk="
"-1:DF4C88310962018A913A1E383365500D0D89BC14464F2FD58A589784020419AB",0,"2023-10-23 11:50:54.000 UTC","6cwZ9dG7so4yN7WLV6e+OouvEqpHL6bwXvQFxVxtPP4=","mj7BS8CY9rRAZMMFIiyuooAPF92oXuaoGYpwle3hDc8="
"-1:DCBDB3CBFD2A6F5223A81CD30178EF246BFD80DD98240F9CF6767F3437DB018F",0,"2024-05-06 20:41:30.000 UTC","u9HuAP6/CPzBuhbuYiYIjgLdqBOCf5d44pCKFsQnsdo=","hNr6RJ+Ypph3ibojI1gHK8D3bcRSQAKl0JGLmnXS1Zk="
"-1:EED86B24C921E38FD2F835897806932717A97802CE6DC73C11609DA9A097B157",0,"2024-04-12 18:13:48.000 UTC","w5eG+8jDF5gdhIRAin5N2PScu51bxGd8D5AF/216vK8=","WHzHie/xyE9G7DeX5F/ICaFP9a4k8eDHpqmcydyQYf8="
"0:CE305A45C86366DABCB0725D8712EF2A80616D194ECE36FA8743A0BDF3E33F59",0,"2025-04-18 23:14:28.000 UTC","KRYwZsCEH+YpJQ3tV3znsCuKwnbXHsMBhalSBzr+tVk=","X+7eRFbHQKR8Ug2S52iW2T4R3F+6yD01kyt3SOC93sg="
"-1:31DE510E51E1AFFCB5185CE5468F0F087C2FC9663AFF32CA10F2F9D5C26891B0",0,"2025-11-16 09:00:31.000 UTC","p8JBB26djz5r/frRm4cnmISc2x4sc9BRAEHvjW3AXKM=","mj7BS8CY9rRAZMMFIiyuooAPF92oXuaoGYpwle3hDc8="
"0:5478D3D700B78F6EA9012C81B2206206C9E62077BA59CC19901C8BA668BC738E",0,"2025-04-01 08:58:28.000 UTC","Mhe1XtYbriFj+IzsEVAMsgKepwpsldDXgfqj30SJywU=","vrKqNIDGWJ7uGpFGij2Ie3e6Q1lwznp8miwGtLmPJPo="
"-1:10AB97DF8600664F34DEB22A4E5AAFD9CB376716EB9EB340ABA4975E8DC5AFEC",0,"2024-04-12 18:20:24.000 UTC","zDDLMnhAwQAGErSI9g9X61/3rKkdKLAPNFCQqG1b8+o=","WHzHie/xyE9G7DeX5F/ICaFP9a4k8eDHpqmcydyQYf8="
"-1:CB3ED035F25F71139EC77FEFC78EE9699FD3247E213441DD68709433563E5991",0,"2025-11-15 05:36:40.000 UTC","Z3sIcB7C8e+ul1EtqmKUzFmhG9/3aKHBcZsj8w5u0w4=","WHzHie/xyE9G7DeX5F/ICaFP9a4k8eDHpqmcydyQYf8="
"-1:9198A86BA84B3B85185575D47ECB547065F70B2DC02BB5713144E0EFFD0152F5",0,"2026-05-14 12:38:55.000 UTC","9js/5o/VRHarVy4mx1SpqSzwY1ui8h1pb2jbr6NM9N8=","mj7BS8CY9rRAZMMFIiyuooAPF92oXuaoGYpwle3hDc8="
"-1:7250021FF821A55774D0FD8E79CDDAC80DAE3E0E38774776475F047F27D0D0C7",0,"2024-10-07 21:23:00.000 UTC","hxQG1Voq3ttwV99w0EzKUPtKVCiWaYT6T3jQNJZJ+TA=","COXBNfIjXe9xWJGf8u/Av0SbJLJRnrwGU3hwER9/DuU="
"-1:B84ADD96F3C15C3CB7EEE80422B65D3DD57331E9C21A4ABA8078F9EF2A30F0AD",0,"2024-04-12 18:19:59.000 UTC","DWrN6y3bqqFNslLmc0bIcRsqFHCh0TN7caVHwo99HNk=","WHzHie/xyE9G7DeX5F/ICaFP9a4k8eDHpqmcydyQYf8="
"-1:26E601AE63DC191258C2640302C220A45FE24DE74826F5A4A29F4947A6775C9E",0,"2025-11-18 17:37:26.000 UTC","WAJWmf9oELIkMjF/3ZUDa5+E1FnjSASTaWUuqqCsZ5A=","G2GKWij+SdFbwUB/vPxetwnP8filMJQ1hvYS86OG7Nw="
"-1:89A719006B076D23CA2D649241322BA1A2B3E44D5F75FBEE36189FDAE6A22EC9",0,"2025-11-18 17:37:24.000 UTC","Xd0M1rd8Paj4JSHB8t9BjQQlgAihJyXnGBUne+HJMPM=","DGysPDkgtDGHbSUdvcOH05rhyBytAu1OT8f8CbmQViQ="
"0:C29E360B1F40C1545F0481ED6B9149423538EE36600A00A8BE0D91A3AE5A1460",0,"2025-10-27 22:56:03.000 UTC","zKeQBv8j71PaIEOriB2A+H8PLsp5KHrEuCMp5f/x+rA=","M97Ruxse9E3CsLy0JSpVFdeV596LyF5GiUd8YxV+kEo="
"-1:2AEEE212DD4FE5C1F96179F4371DAD8EF893EFFB67638D0992BECF857D02E92F",0,"2026-05-27 17:16:07.000 UTC","sMJK1gXQ3BGqlaPKBv+H8O7n+4Z+OQSa8KefJ9c1exc=","mj7BS8CY9rRAZMMFIiyuooAPF92oXuaoGYpwle3hDc8="
"0:15E8173467B11B8D2E7AE5354C8C8A022AB2362C76828F9687CF73A2B74C307B",0,"2024-09-13 06:12:52.000 UTC","jRiVVcP10RJtMR93+LIKQYw9NeiIyKN1grG5trc506E=","er2eMh9MOp5/WmIr6zchsUY/x4L3Bz9oitAHtVLXrlk="
"-1:10E9971EEEF6C299B4A84DD2A9F5D9159E32202B72213B15215089F7EC7BD1EA",0,"2026-05-15 07:30:13.000 UTC","PUq5diuzlAQHSlQ5QTWPM2wrs/Lq64Cf2UYDHPSj1CA=","mj7BS8CY9rRAZMMFIiyuooAPF92oXuaoGYpwle3hDc8="
"0:8B939D8B370A20693297A18860918410F8A7303CF7929E968F2DD0686D046C43",0,"2025-09-09 05:28:03.000 UTC","fcgW9fVdYjyY2Xli5EtnO7trYuiINDAIe/dq0N2szlo=","x37FADRh21bYGrTFXhMkg0LH5J+5VIwYF23zvvlKwjc="
"-1:C34D2CFB0CCEEBD50490DBBD3B183A286FF4C070CB780509A2B6D5EC1F439B8D",0,"2024-04-12 18:20:24.000 UTC","BAkhj6f4bucs1KJRKr6IM6JbWU6SxXlAEVDBjK47gd8=","WHzHie/xyE9G7DeX5F/ICaFP9a4k8eDHpqmcydyQYf8="
"-1:500BEF5275FF8E6C89EC1556688CE35B93D007B316D028E4A2AC5712C7127CEA",0,"2025-05-27 12:48:32.000 UTC","oM+nTBsejwzW+q9IvijUQh5qaB8obcLkQ+nWSxEj4gA=","tItTGr7DtxRjgpH3137W3J9qJynvyiBHcTc3TUrotZA="
"-1:A6BD8E0FAA31C297C8B02B92D9F587C8BF804F771BE444A275BFDD200B9514F7",0,"2026-05-17 16:40:14.000 UTC","aJhass5ZQlG0Pq/UT8mHn2fgiSMVGq/eb+zbCqo/rwQ=","mj7BS8CY9rRAZMMFIiyuooAPF92oXuaoGYpwle3hDc8="
"0:F98853E3D33935980F866AD1BFDD0B41356573B9129AB6CCC7D4C518030E9A55",0,"2025-06-13 15:28:44.000 UTC","R8QgNkS9gou5ClGaoMArmsykB5Q+RD90HfcNHWhMUqc=","ixlA7+XTBEFHnfl/rCfK5by1b/E1q48TxlWj2y6+QrM="
"-1:E32EB79831B7A71D691444D615E344EAB238059A813249FA7328FFA7A49AE919",0,"2025-11-18 16:38:30.000 UTC","GMu4Z7K9YYgHVLBN5286WQuJoX02CDt90ufpv1Z+2cM=","eN0zEinT/Ve+PFmbRfgO062b/KsypRgRG2CS1yxpVKY="
"0:FFC48D84936D278BDDDE097815229AB0A16EAAF0398ECD54783A183AC58C8197",0,"2026-03-01 01:13:42.000 UTC","sb4sEk/2aINFaP5RtcxSyW3WH+F+0lGDLb6c6xzFyYo=","mg+Y3W+/Il7vgWXk5kQX7pMffuoABlNDnntdzcBkTNY="
"-1:A565F40924BA9D0F20D143957EF726425E71E0127642FB6DBB7F3E84E10AD252",0,"2025-11-18 17:37:26.000 UTC","JQ5tPUvNEmR1c77VyE6YMm3PC3PztgYpG4G4BPBr5HI=","SYljDPo7Pv8MRd+y1mekk4FX1qh5VR7J2Mq1/7+7w0M="
"0:5221CCDAEAFEF0ECBF24C3A940D3B2C2E7D3358AEC0F989916D79CC7CB1F3DB4",0,"2024-08-14 23:30:07.000 UTC","wE3n6s7ir74iCBq3itwlMfptaMpIItrGK1IYJSvJ4XA=","er2eMh9MOp5/WmIr6zchsUY/x4L3Bz9oitAHtVLXrlk="
"-1:95DC99EB2DD5AAAEEDFEAB169758E02BF1CC9D523A73AAF75C7EA103E3449C42",0,"2024-04-12 18:13:53.000 UTC","QIeDFv0Ob52zWzrG8JmP7zxjjxQZH+VZwg7YEtfK8J0=","WHzHie/xyE9G7DeX5F/ICaFP9a4k8eDHpqmcydyQYf8="
"0:1B4A71A55DF57B7125C305A4DFC06A150144126299BFC4FA763E384EDCBF356C",0,"2024-09-22 09:00:05.000 UTC","8qabrJbOEG5GBtUqFWZeMnCkdYp6hl4baftkqbLmBcc=","NT5/7Hdy0yotg2IYwUrbEonGJeeMTJf71AKNdB3Zmp0="
"-1:1C61FD32C4631CC252585FB2CF9AF3B738557F1655581916CE98F6774FBE8057",0,"2025-11-18 17:37:31.000 UTC","WxWpmV23aWy8NcDpMgytcPRDXD79f28JHOagvDQvrqA=","Z0bmr+M40jqL91tWoURwT7jym4Yy7adXjXJMtB5i9TY="
"0:FF1338C9F6ED1FA4C264A19052BFF64D10C8AD028628F52B2E0F4B357A12227E",0,"2026-05-10 16:14:28.000 UTC","5CUnh5pNgLCkJdAv8ycCBaDMPh+Zj4CyXG6NUZ5LSbo=","jSG51GRvENv5dkSwW5zvqWKIBBIYQrcZSlfli0/DKE0="
"-1:1E6372F7C971B472D01BC392949BCDA71070146740BDA8A0905A830B194E494F",0,"2024-04-12 18:13:48.000 UTC","YPJw0S2e9J71x/6kOr3D9cHe62UNToo85lqww7pB6zI=","WHzHie/xyE9G7DeX5F/ICaFP9a4k8eDHpqmcydyQYf8="
"-1:8E36960B66F90079D021025EFEE90C3600036698F7CABC156FEE168B022E6F5E",0,"2025-01-17 14:23:04.000 UTC","mF4lzppneOvwLvr0ZaeYj9MVDIEnapCiOUA5ntrGz/s=","mj7BS8CY9rRAZMMFIiyuooAPF92oXuaoGYpwle3hDc8="
"0:613A1740F2F9DC4D21F77EDD9FF8DAA3F4F4E629349931B86430DF038454DE24",0,"2024-11-26 09:10:44.000 UTC","RFcVQ7+K+bYtEvf+QrtHQsmjvjDY6kGP2643U3wKZu4=","vqa+TGVCxQuuO7kL0bKQCBoW7lLVJHZoR76IK8hC8Tk="
"-1:A4A4F55AE909B6345EB02A0DDFF2A481899D9053BFD754009AE705F19B24F354",0,"2024-02-08 11:02:56.000 UTC","oP4rV36YoNvQ0UeV5ohaerLHFLJpeTiACTw9nWA7+QE=","ho5f3NhtGxZemjYt4sV3Y4WU9PlgMekt3Hv66VfYtek="
"-1:04D7AB84E1F2A1DD3F375B1CBBB033944AE409926BFD3B624729A46ED71F3E15",0,"2025-11-18 17:37:26.000 UTC","iyYCq3kqY633zdfI0AEUcP2036iZU6mL3SadJMNkuDI=","cwlDzAZH6O/W0zu971LDl3qvp+5BNUn55febSN7LR4g="
"-1:91281261686223A2F208132A711455A724B948DD8A50A67EB36AC940CCFD835C",0,"2024-11-29 13:01:30.000 UTC","pVbq1KqvppdhI3ISxmfBVV2ta3kxU2+kjGVc0+ztvac=","wTjl4/ql3ZDNfQ+w176WJyti0pH1agqk9MlG2HgOH+4="
"-1:2E5B02C4293EEC1E722E42BAC1020450DD6270D63B04C27C314051E8B969B395",0,"2026-05-14 14:26:45.000 UTC","ixf0kltf8mPWx+vMI1A48901iNkBxU9sB5lqvfM5sSo=","mj7BS8CY9rRAZMMFIiyuooAPF92oXuaoGYpwle3hDc8="
"0:206435DD44F849BC7A85B14E98BC6F4B9B7E1C98E81BB97A103369E4B11727B7",0,"2024-05-19 20:58:59.000 UTC","AkKhr8QIerasvvyLaOxn6NGvUj2EGYuzVzHgbeTNqO4=","ELXFibUEE46qUSFGOoRfVgEdDcxi87cdgDIJz4E6iQ0="
"-1:521280D9D42BC45428C2E80471E9CCF5EB651C63FB283171472328CD08A15583",0,"2025-11-18 17:37:28.000 UTC","/w5ObSFFf/eoRjQpE5Bq1S1lA4AKN9SY7vD9WX8ZdOk=","h806hG91JMUnMvcmmmEXgSRyv+egRX2N7owtqBHThWo="
"-1:0F9D97F18C92457D0A078CC9B236C6FEB51F5A5A3DF4A36567A6EB8F809A6201",0,"2025-06-16 13:17:14.000 UTC","AFYBp6Br8GgRnrhrxwznUyKorIpIQp02NvaqDx3tG8U=","lqKW0iTyhcZ77pPDD4owkVfw2qNdxbh+QQt4YwoJz8c="
"-1:07C33DEFD4EA23C0DF46400FB829E697EC3EDE13F0A745C8A8A6BA691557EBF8",0,"2024-06-05 08:35:47.000 UTC","qpU7lf7cqcCH1kRAyjpD4lcEkOUL+RC5PNCpqg6oh48=","WHzHie/xyE9G7DeX5F/ICaFP9a4k8eDHpqmcydyQYf8="
"0:7099B443CA46C84A6466BB2AA53EFB72DA697500B2BE621D8E6591B11C392DA7",0,"2024-12-27 11:06:27.000 UTC","RUX1SGVNymro0o9cvRnTkkLMVtVp2113ebXbhzLqKqo=","8CdmF0wlSHRsY4cqsLJGhARfss7ByzyNTRaye/pVuHU="
"-1:5610F2A380771DB354086800BD672115621D8E33A0C5BBA680C0638B9FFE9C78",0,"2026-05-18 11:51:38.000 UTC","3yyX0xY6rbGN7Zk2RswWxB5HrLNBkAhsgmQetpK2f20=","mj7BS8CY9rRAZMMFIiyuooAPF92oXuaoGYpwle3hDc8="
"0:7BE5E0B4ECDD7C259573D8FDF62C2243F9F6903B44A14C94AB3735F5B2FD2D29",0,"2024-10-02 16:41:41.000 UTC","aUfp87uguJFwwy55IX/TazMRHE/JHY3vM+oapjMudYU=","G/4NCDVCxXmL5bdWy3oiLhwA2Ti0Q5xs1Srq8XCMkLA="
"0:9731F2C7A941457EDD586F6A366B1F3ADA2A1F34F9C5FE5E14D8907233E9D128",0,"2025-08-11 17:23:39.000 UTC","ScWw0Kf8IVs1clyZ6UwM9eMtuBHUnOCD8dc4UK40Bq4=","lJTRzI7fEvBWcaGpugmSEJbrUIEeGSTsZcPGKfu4CBI="
"0:9AB52DC4BD602161A14498B2BFACE59589583337D46B1D887F3E9350D355FF59",0,"2025-01-01 16:35:22.000 UTC","C0j6LAelK0o5JRrU0ahPTss2+zn0akwDg2mW2XDbuuk=","9L+DfjEELGwsB1Jk6wCEpVF6a2LCGJENhsJfQkgRFs4="
"-1:26FE56BB7DA831569C93D8A86009F90925843E42AE3B79E49DF79254345F8FAF",0,"2025-11-18 17:37:24.000 UTC","M1dU4Q398+5uOJkrHd60jYYWwBh+zoohP/RaeQFYfOU=","DGysPDkgtDGHbSUdvcOH05rhyBytAu1OT8f8CbmQViQ="
"-1:4FF3FF8466B7D38685E75C4D190C65B816230BDEFB99F07FF156B1EAB74B064D",0,"2026-05-18 12:58:17.000 UTC","aUocZRqyfCxTTmwNhQI6Hmn6n2Lu/F1E5ltdYdpCQkQ=","mj7BS8CY9rRAZMMFIiyuooAPF92oXuaoGYpwle3hDc8="
"0:9CE32A312D5463853C1DC7DAB64296CA661DD1B8D8629A9CCF7908DCAA621B51",0,"2025-08-10 06:06:17.000 UTC","BTK0/n9hSKhxN4MzD0WNaZCLvlWrfmr2ykMzB6sKBhQ=","XgjB1/cUvd04sVY3hc7bV0C3Y+x+YZNUWo1xa9h56hA="
"-1:9B437D79175F3ECEF9635B040D8F1CDD135B0F57EC58FE9A9EBFED32A2AFC09B",0,"2024-11-20 01:00:55.000 UTC","GwuGJSh8yMMlsFGI4yQvf6N6V7yk+X79c9HAmOktidc=","hNr6RJ+Ypph3ibojI1gHK8D3bcRSQAKl0JGLmnXS1Zk="
"-1:6412F18EAA3154847A17BB2799BB5A38BF6B747FFCC512B2AD0F20B4875939F1",0,"2026-05-16 16:55:18.000 UTC","9/dli6JoLFtv4+XUvYuWGojfGxLiRA9wBNQE70EIkww=","mj7BS8CY9rRAZMMFIiyuooAPF92oXuaoGYpwle3hDc8="
"-1:BB0E35DAC5D2D2FAD60F1D845F641F154FE799D0202FE292FE690EBFD5B4CF9B",0,"2024-04-12 18:08:37.000 UTC","aCVBDk/wkQAyLDdi6X6SxufoslyHVjOvN2EVuv2tbuc=","WHzHie/xyE9G7DeX5F/ICaFP9a4k8eDHpqmcydyQYf8="
"0:800B786AF3B58205BDABDB53D3C2EBB86111A65E8B3FECE78313D9BB1D32343B",0,"2026-04-19 19:28:50.000 UTC","4RfeliqVaXmsLwh7sL1/un+adLdWumbxlXndNTi27vA=","SXkpMxSMpxg8Bb3JRAbeQjNNRV+6UVhW3K1j2Njj2aM="
"-1:965C0E025F896AC9594DE2A22D9504963C5232D3436F3B6040C9D802E024DE21",0,"2024-04-12 17:30:50.000 UTC","90nXukiBDAsKSwKojmMx1uW5We3GJHrq1h1v0nluU88=","2s9GOKuPdHJC16F3zmLcwbF87f6YV9l6LQuRrdLuUFo="
"-1:39BA01BE5AA41A7209E60CEB3DE1D8A438F1A0A529B1366FE174719D872F5BF9",0,"2026-05-14 11:21:37.000 UTC","mdO9WdE6hy1Xy21+/q9RCzik3UTC5RGhWU/1Nb6WBTQ=","mj7BS8CY9rRAZMMFIiyuooAPF92oXuaoGYpwle3hDc8="
"-1:2C035D2DE3CC9B76D1C8440BBEBB67D58AA83937D8A02DC1E744130D84649504",0,"2026-05-14 15:36:35.000 UTC","nSyJ60skkVxHcN7zLPCzz1V12GoKEsxBv9wg0l/QuoM=","mj7BS8CY9rRAZMMFIiyuooAPF92oXuaoGYpwle3hDc8="
"-1:C5CC68A209766D72BEEF2535D25F0D09792B49734D3C23C3B88F140D31DD80E3",0,"2024-09-16 03:30:51.000 UTC","ivSZ2MfKkHg70u2NSe4tTOPn7is3wPtckPHPJXdd6gI=","lqKW0iTyhcZ77pPDD4owkVfw2qNdxbh+QQt4YwoJz8c="
"-1:1501E20726A7CDC3147CD4BF18110E5954C6AE3983218708CB85F25F00E6A8B4",0,"2022-08-18 16:44:23.000 UTC","l+mgnwOCbNmDgra06xbsCdzlfG0vx4Um7ZiT1/on8AU=","iPv4GOR9XzKPfcNLrUMjuyihLsbHXOnsJdd3RsVuHe0="
"-1:234BF35249F72AB2097C2A8D255CCEB3A25DBB9E99615E4D45F0044AF6860D56",0,"2024-06-07 12:29:32.000 UTC","Go9DQp6Q+/xq4M1PFr8rH8nm8KOkJatuh3+nBIyEbM4=","hNr6RJ+Ypph3ibojI1gHK8D3bcRSQAKl0JGLmnXS1Zk="
"-1:5FC8FE26EEC2B8C55F82C4F035F55B5E8D43DCE240F52CB514D4125FFE19326C",0,"2026-05-16 01:19:27.000 UTC","W10nz8iHgP1M1ZoWGqJzvxFSfhLSxpIlvz0USq3mq/0=","mj7BS8CY9rRAZMMFIiyuooAPF92oXuaoGYpwle3hDc8="
"-1:294A948FE80769F153F15A1377BDA608E339F4A62598477ADEE7AB2E052EFBD9",0,"2022-01-03 15:43:34.000 UTC","0sOU+wHk8Oiy2oQMxS3G/RAF+wOVpAx3uZihm5Uklvw=","2s9GOKuPdHJC16F3zmLcwbF87f6YV9l6LQuRrdLuUFo="
"-1:8A269F5111AD330E068CE9FDC95BEF9EF60283835FEE74606DCD456D4DA866A1",0,"2024-06-07 12:29:32.000 UTC","CbDYjowtN9NvEgjsl+QHm63I0EPCt/qDFD6FcxBatY4=","hNr6RJ+Ypph3ibojI1gHK8D3bcRSQAKl0JGLmnXS1Zk="
"-1:583CD154B7B83C174F610FA83555C53405C73FB2809764BA91E96DB7E462C871",0,"2025-08-19 03:04:26.000 UTC","HCtOZpLYZ0hElkX1PISINkeHWaDaiJXCLWbUnMm/Pxc=","mj7BS8CY9rRAZMMFIiyuooAPF92oXuaoGYpwle3hDc8="
"-1:84132C015BD359B1B01C0586CAB1CC9D67BC4B20774FFB348C144493B8CBFF29",0,"2024-04-12 18:13:53.000 UTC","hjjq3uG8fn/IlGIoI8qzf68BRIqyoASdCDIy2HaakVs=","WHzHie/xyE9G7DeX5F/ICaFP9a4k8eDHpqmcydyQYf8="
"-1:355FE574220E69F543BDCF799893EB42E1277C1A9E6FA6D0AE9F700FFB66605D",0,"2024-04-12 18:08:37.000 UTC","qvtGzYMIX3Irh6JL02jvPsCpHAKso2oW/GimMQZsVgw=","WHzHie/xyE9G7DeX5F/ICaFP9a4k8eDHpqmcydyQYf8="
"-1:82C9FE7803C548B4C7F0320582900A9F3A74BB04BEE87A09DDE24F7DDCBDD5DB",0,"2025-11-18 17:37:28.000 UTC","XoQ3pRUjENlgi8MofAbHBA3AVFICSusQ8zPZgqSsQ4o=","OY11r/HpIC8+hhZAzcWalNbaZDoo8RZenC9rd9e1Z20="
"-1:1457C736A68E60FF5DD3D929CD19160C12FC74B5918B082464DCFFB4F676EF64",0,"2025-08-19 03:02:58.000 UTC","pClMgpgXSr3CmbN6BE9b/ZBNo2eyzfMyhLiHfzkUEm4=","mj7BS8CY9rRAZMMFIiyuooAPF92oXuaoGYpwle3hDc8="
"-1:75A3834D4EBC89F82C37B031ADF4E4E269F9844DD54550CBF29507453E83B122",0,"2024-04-12 17:30:50.000 UTC","OmPzsr1HGErmpbpYlI00kckHa4DXmryf09oanMRtw4s=","2s9GOKuPdHJC16F3zmLcwbF87f6YV9l6LQuRrdLuUFo="
"-1:B5C889096021381DF514C0D0D9A6CBBC580523431BFE4EBBE869B257A23C2B55",0,"2024-04-12 18:19:59.000 UTC","diXh4KT9UlY+9VDaXLL643P/aOBGV3Y3PRHdBr4sgsY=","WHzHie/xyE9G7DeX5F/ICaFP9a4k8eDHpqmcydyQYf8="
"-1:207F53D0CB8BB6914465F86CF82DB4B6F5E68DE2C55DAD54243CEF892FCD1584",0,"2024-04-12 17:30:50.000 UTC","LJ69b+BNSen3rSxYeGlF4XdeAzPNAGhz5BuT48mKt5Y=","2s9GOKuPdHJC16F3zmLcwbF87f6YV9l6LQuRrdLuUFo="
"-1:EE256D0973A71CFB5E8E3726A17CBB4718B58CB65D53816B02C5D4A1C42C1657",0,"2024-04-12 18:19:59.000 UTC","lUx9Wdz7jXt1TXIPHb+LEdxnuf0raNYPWyeRZjcwdEg=","WHzHie/xyE9G7DeX5F/ICaFP9a4k8eDHpqmcydyQYf8="
"-1:67358EBD4B7FE178105252DA474612338E3A98D0286E81EA9B59C406B468FE81",0,"2024-04-12 17:30:50.000 UTC","O9cEQkCWNvBEsYHnx7Sjq55D6Y4S1/Pk6Y4A8MQFPJY=","2s9GOKuPdHJC16F3zmLcwbF87f6YV9l6LQuRrdLuUFo="
"-1:4DBB053C7856F6081D0DA574F46319A7697740D53C3DC4A8813236FC9BB8B168",0,"2024-04-12 18:13:53.000 UTC","x/1+a/GUI51julndLAxbkXwHMD70S/3hC0uatJSz4tM=","WHzHie/xyE9G7DeX5F/ICaFP9a4k8eDHpqmcydyQYf8="
"-1:95BD332BAEC80BDD6E2DC1762F011B3A95917D1F8BAA0B804A3982AA5C669277",0,"2025-10-16 05:50:54.000 UTC","Xi/rWLoJDWXaKShw1IBHq8K6SdgBQIEbNRPhwe7Wl4A=","mj7BS8CY9rRAZMMFIiyuooAPF92oXuaoGYpwle3hDc8="
"-1:F1103A086DFF84F618FFFD5C844C2F7CF052763D07694113AB8BF71667CED0EC",0,"2024-04-12 18:20:24.000 UTC","U5KBXS5bwDvSgRi9CwnDm4wVIht3PSyUJroi5g338wY=","WHzHie/xyE9G7DeX5F/ICaFP9a4k8eDHpqmcydyQYf8="
"-1:0D6FBD79ECAE5B57134A02F216ADE45C17445C525CDC080EE5C267B059536DA8",0,"2024-07-10 05:50:48.000 UTC","QBNkkJ0kb10t5KiPPxKb8lhqb6CPz/+4JWSq3bXTXs0=","BcZS3Pe6D4Lcn2/luHTlWxaQXN5CsWG0lanBh61UauA="
"-1:297DB5E2C359D87468BA31C1569D76962466AB388DC9E40CEC8566029638CB3E",0,"2024-04-12 18:13:48.000 UTC","v2r0fdoTeyhfGUM56AqxgiZo70waT1orCQ5bZ5KPbvA=","WHzHie/xyE9G7DeX5F/ICaFP9a4k8eDHpqmcydyQYf8="
"-1:113A68645B97E0C7F9C3CA719656395A11CFD4BA913204826936F79396703714",0,"2025-11-18 16:38:42.000 UTC","e6adDA8Kdkdrw41sNUq5nS8BIHRKWSEN51nv8Rc7lEg=","SRuNqTVbmB1y2OuIb+FgGdNwSswI6ESh0MOILJiJOBo="
"0:BA716C5ECA5283C7C349156B05A9D34F82DA2B15B45D0D0AA05347B8D182E3B6",0,"2024-08-14 23:26:49.000 UTC","V1uozO9uvU4o8xgyNeCSAbxB1qFaSe7B7//8gln4FrA=","er2eMh9MOp5/WmIr6zchsUY/x4L3Bz9oitAHtVLXrlk="
"-1:72E0A889C7081707C5DFEE72145DDF580D9E155C6E06372CAE3B72C43C648583",0,"2026-04-10 22:53:03.000 UTC","VQj8NPFxqBzK0e7jC61Lr+CcDMU/ohw1l/PzcssHeZ8=","mj7BS8CY9rRAZMMFIiyuooAPF92oXuaoGYpwle3hDc8="
"-1:0B4AE9F34583DF6956DB7C063CE8B9C5A49BD5EE1DE5700F0C261E6444622D77",0,"2024-04-12 18:19:59.000 UTC","CD1dEyo37/qnKdY0kuFzsD5o+QDyoYSFuNG7FeaexiQ=","WHzHie/xyE9G7DeX5F/ICaFP9a4k8eDHpqmcydyQYf8="
"-1:6D0EB0E1A1E64EB58A12D373B94B1951F64A6334ADA8332A18642625B2401356",0,"2024-04-12 18:13:48.000 UTC","YnUQn3XHfiQzs3EInY/sxWEau+vgA9f2vtQOsn/zMUg=","WHzHie/xyE9G7DeX5F/ICaFP9a4k8eDHpqmcydyQYf8="
"0:FEA7BA3A04ABE68DB488EEE8A752052319A9AC486EF45E2E317748F423B8FFCF",0,"2026-03-13 07:32:02.000 UTC","gOGdo65UPsAn91ZrSVk6sDMZ4lASPB2hEd2yRmNKEn0=","Vqwh1grMw6UgZ4VeYH4mhqdwFhXw+2z3jwj7hQ+l1Rk="
"0:AAB78DC844FFF2A0C4A6215548EBC3CF9AB6F55265AC9BC0E98B320BBA789F10",0,"2024-07-13 01:05:47.000 UTC","+4pi6+HSNOPV98ZmZ9btGu/2BCL68I0aVruqbK6xTU0=","ELXFibUEE46qUSFGOoRfVgEdDcxi87cdgDIJz4E6iQ0="
"-1:CB5AF8771596DEC08B8362EEB254E23A4FC3B74D4D6C9FC65CB2500702ED3D36",0,"2023-01-23 12:30:40.000 UTC","TGjnvLpw7fjNdoEtJEyph8tFgOE9oROvACN2SFYBegs=","mj7BS8CY9rRAZMMFIiyuooAPF92oXuaoGYpwle3hDc8="
"-1:1DC07DC19AF75D5E51366802F4F1CB379E29339CAC69C0CC647379E3F08B690F",0,"2024-04-12 18:08:37.000 UTC","IpMLrNCtU1AApzK1NfnHuFgvBu7fY4Dm3GcXychYKMM=","WHzHie/xyE9G7DeX5F/ICaFP9a4k8eDHpqmcydyQYf8="
"0:5E689ED78EA905CDA094B8AEB86DAC995D4524CA70588A1925B5275A30B6EE93",0,"2025-08-13 15:02:53.000 UTC","QP3Ap+9a5+chIShoOvcRU3XkCu73sP/80AbLpVbN2GM=","edgXb98hI0dL+kDNynMJJzzH03eRDiSVmqXhcHFT6oU="
"0:AA36300F92280B752E60C478878AD5AECC5DD937E817ECC957E107F2D9C192DC",0,"2026-04-14 19:14:39.000 UTC","KhG9JpcHq0q7EwHhX/d8Sb//nYXczSeutUSXw8Ex7D4=","VGq/iBnk30CtBvnQsvnls4bbaTE6WJziLdrv9+dwWuk="
"-1:FBED4C5B9E944575A43A418040E8612324D5CDF43B7929A0498025019C461505",0,"2025-08-19 03:06:15.000 UTC","r5GHW1+5Z+tNUs1FFgB9Os6olbHxcaIgiov9kFAnc8c=","mj7BS8CY9rRAZMMFIiyuooAPF92oXuaoGYpwle3hDc8="
"-1:83695242CBEBFC9EAFAA8D9E852D63EE657E6DA756207C10C46F9EB89240CD88",0,"2024-04-12 18:13:48.000 UTC","xBrf/wk034PqXzep/IanJeg4OjqGpGJ0mtiU2nqUCk0=","WHzHie/xyE9G7DeX5F/ICaFP9a4k8eDHpqmcydyQYf8="
"-1:6198D27B3968F0FF77E42B04A7181BCCBCA14275FC466B6DB84DE9896D2AC18C",0,"2024-04-12 18:13:48.000 UTC","0D423oeTpto04lh47rqjuZMB9tO/D7zLNI9VQDV4D8I=","WHzHie/xyE9G7DeX5F/ICaFP9a4k8eDHpqmcydyQYf8="
"0:2696187A7F9583919E8082F8B6462FA7CE1DA85A3D86B6BA819AAC09727029A7",0,"2024-07-05 18:27:07.000 UTC","KlbEetuQWhbT2kuEMioUuPN3DhqpQsNGPAimFSNX6hU=","er2eMh9MOp5/WmIr6zchsUY/x4L3Bz9oitAHtVLXrlk="
"-1:20BAA7486D8EA4A4CCA447C58579519B65C3F68AE05A8177E742EAB4AC6AF180",0,"2024-04-12 17:30:50.000 UTC","fgEXAloYggQOIUw6C/+CmqSnlUoSnpVB348CvSrqx8c=","2s9GOKuPdHJC16F3zmLcwbF87f6YV9l6LQuRrdLuUFo="
"-1:42BCC16A36DAEBCF971D082E76E98A8F180939651027C5C606478ABBF8AC1978",0,"2024-04-12 18:19:59.000 UTC","d9T12JIwx4SA6gfOB4SnWtr7SdELNtdRTNsEKTfYAvI=","WHzHie/xyE9G7DeX5F/ICaFP9a4k8eDHpqmcydyQYf8="
"-1:8FFD339DC1C0A1D005C7841A480833314ADC477A759D2C20CB347E5070DA7030",0,"2024-04-12 17:30:50.000 UTC","jzI4yK8lScMHeqNQQ6yCK+QC6IsYQOICyK4CoqErDy4=","2s9GOKuPdHJC16F3zmLcwbF87f6YV9l6LQuRrdLuUFo="
"0:747CB902BBBC4B12F19D50518BE92CDFCB9E07FC2A760F9FD10893B49C0D4AF5",0,"2025-10-30 12:10:58.000 UTC","OI/xr/ZhAJOOIuJBrDQcYmJ1b9cdDhTWmmsfoFf/E8A=","shfqSxMTLWQxN/2GGx1kS5Q+jzmwQFBtaiPYQk6Exlc="
"-1:B06D6E005B6E55086DF5B2EDB38386CA809747F3BF82263ED55E3E6D820EA271",0,"2026-05-16 16:54:36.000 UTC","TMPJsIwOmcAtCy96Y1HsRsRzCJIKB6gtifb2NF/Uwc8=","mj7BS8CY9rRAZMMFIiyuooAPF92oXuaoGYpwle3hDc8="
"-1:72F7D27B176EFD4116288C67068CE7A68C6C59D60B0A549872F6EA00E9E9D1D9",0,"2024-04-12 18:19:59.000 UTC","pHOEXlzotVYVvOpeJxNNeSqB6MTi+9iCW+Owmz5HgZM=","WHzHie/xyE9G7DeX5F/ICaFP9a4k8eDHpqmcydyQYf8="
"-1:DA0DF1C69FC74C4423301BB17DB3AB364C674EA073B16C7D676ED9A74DE8EF50",0,"2023-10-23 11:49:45.000 UTC","91lJT/jKLWYUlgWbnwi9c3xGfJn6DZ2z8GWAt2mVn7w=","mj7BS8CY9rRAZMMFIiyuooAPF92oXuaoGYpwle3hDc8="
"-1:CF1541AE866B2EC6D1695001C66A44BAC1DA5806F90E2E441019B1C260C17251",0,"2024-04-12 18:19:59.000 UTC","AdXStelU+cLOIUH5W3MS+gQOo6MFkeb+itMYg676YXU=","WHzHie/xyE9G7DeX5F/ICaFP9a4k8eDHpqmcydyQYf8="
"-1:F021BF47D513355633E5BB8D4852EA8AE6A3FC807E8699D01B92E71B5ED8AAF1",0,"2026-05-19 00:56:28.000 UTC","lZ4UAvbQ11IzI0x8GZyRMZs/BRrNBkh3Q5fkQSPeQB0=","mj7BS8CY9rRAZMMFIiyuooAPF92oXuaoGYpwle3hDc8="
"-1:1562A2794314E178AC1D32C9F23A611F67C413E87B02C3115C5C3EA7D6112F3F",0,"2025-01-29 14:37:10.000 UTC","faHGSBr6WnX1B71Xl6fqVm4LzWz8QjhggUu0JNbYvgQ=","1JAvzJ+tdGmPqONTIgpo2g3PcuMryy657gQhfBfTBiw="
"-1:E97D42300602F4F3C4534345A7217901C0430328CE1EE7DBF348CF278425ED92",0,"2025-11-18 17:37:28.000 UTC","Ks9d/hjl4hMCBfDQjRVROcJL+mbaPGPnSFBDNQ9lLv4=","SgZ70y3kTIu2NwnW94dt5JYBgc0eHVeMqS61Lnj5gtU="
"-1:B876E7177CEE9ADB12BD49149E1807E1F3E4555880D0E3AC966B010DC11AA930",0,"2024-04-12 18:20:24.000 UTC","PamIltJUJ6Y5bYptjIDi0xSL5Id1aCnoZATjBBxwG6o=","gNbEfEolVDybOXtxcW8/rh4sXSRxdMUuLBm9iWRCsQU="
"-1:88F3E39C77E390688966B7FDC98D49029509AE86EDBC9439B63A331B8C1D69D9",0,"2026-05-16 16:39:51.000 UTC","9tfBU+v5vVx4BgvLNe3ryg5AEYwqFl0BcNJc+6ZiNXw=","mj7BS8CY9rRAZMMFIiyuooAPF92oXuaoGYpwle3hDc8="
"-1:579A9B2C47C147CA88B5E8DF2B0515E13615B1738D594553CB8177BD9CB5270B",0,"2025-11-18 17:37:26.000 UTC","PUfo/XY30B+rPhNTbu2zMF3xLt2avqg7fOS0IT8auvE=","VraNP/cJpntqWYNYaaE7Qw6L8lzEf+/Vw3fDPIOJlas="
"-1:1E541E2918028C18A196B961E3A90EFD64CFFAA3F59F3BD37458FDF5C4EF6FC9",0,"2026-04-18 14:43:13.000 UTC","wdpLJxNlbSHV+AR56lSmWsurcpLt77+UgsrtD9xurik=","mj7BS8CY9rRAZMMFIiyuooAPF92oXuaoGYpwle3hDc8="
"0:DD425E800C6B715258B71112E7E920C915046C9381FE15458E5C91F74FD2E2E4",0,"2025-01-09 08:31:58.000 UTC","fglt5BIU8xSzmu+CSXYl33iAd0i0M+1tZkK+L3gmY8k=","q/RDhibUQu1FqXoXP+KfaTYgU/04+Pnza5P1EZ9QJW0="
"-1:4FA7923A72DDCDBD0B4C02232CCF56F99F6E61E6DA46186F3D7FB5EA56B85DC3",0,"2026-04-10 22:37:23.000 UTC","dJ5tA7MGmt/ZQP5wN2/GLZxtk0qYVVBMB94892ztang=","mj7BS8CY9rRAZMMFIiyuooAPF92oXuaoGYpwle3hDc8="
"-1:E76F413F0B336E8ED5859F5A19DA82A78216C262B92CFAC63CE985093EB74D20",0,"2025-11-18 17:37:28.000 UTC","w03I+9v2HNjoruBwq4F5S0jcPI1RmeuhMq0XgYHEEVg=","zTNAVl3rqjeleee7KFLPFMxg1KsNiY09v3CAnBDriLo="
"0:03D1B8E82DDB0591C8419D2D10C6580B6E3332EC68FDE2691F6680BBD0BE8EC5",0,"2025-05-14 07:01:40.000 UTC","pGCsec7fV8KXcYvRHlorF4MgA02QxuKho9UGdSNx8z8=","er2eMh9MOp5/WmIr6zchsUY/x4L3Bz9oitAHtVLXrlk="
"-1:1DB888800253911149862B9F02E7B5764C4F88FDDD5DC89128D86D842EABD118",0,"2024-11-29 13:08:20.000 UTC","WR0q1Iew15pID9kJR0OrzD7MJNy7ApnhHvnt5UIIqHE=","lqKW0iTyhcZ77pPDD4owkVfw2qNdxbh+QQt4YwoJz8c="
"0:A5AEA8C4CC3EFB597DA0BE74C5820662DCD473483E73FE3B2E5FC9E030592B50",0,"2026-06-06 12:55:39.000 UTC","S6O8Q7cGvoQOEcHCPeANZbHodAyJ2Qu+514Ci5k4vSg=","BXGXbGPsG3VQIwomCdvts24bZO+NAioWs06lcGMYWy8="
"-1:66D955E703B7489FDAFE08EB20C0573B29A46869F3699DE799B0E4B2D2AD4A6E",0,"2025-11-18 17:37:24.000 UTC","d7+9l8hpq8WkH2h41ZHeBkhcfWj9h3Di1jHytyvpNB4=","1smReZ8eJe0Ndy8ZZ25ulgeEd0gijWZoTCCL84hXrDY="
"0:C3F45E0788D0A44990F2D07F37AFC14334C2113200B3C09346067D71530DA4FC",0,"2025-10-12 18:29:48.000 UTC","3OvrNlYvbkj29S3TfzLaSXL7BfnmZYGjaqsOk/i75ao=","vKkoQo1BSdNSNNOnqGNMiHWk9zn6iGEs9xc7l1XD6xA="
"0:1FF1F67208F1F1155C75CCE3E5EE3E0845503CACE6281165E696E41AA93F26C2",0,"2025-04-20 14:22:23.000 UTC","+d4x33E6qUE+N7H8QEb2y4GXfimLVrruAY/mymbEf7c=","ZFU0vXrzO7KkQg162WZSwo+pqLp0K1sIHB8S7v+h8LA="
"0:25D8AB7AE6E3D42B29B00B3006C3F67B070C7CD134D5F1F47C3BBE1301284947",0,"2025-08-05 17:31:09.000 UTC","vZ+OfWbo3ua2fQZ7WeOlfCw4fkQSREiQT1rwrIQOn98=","X+/eCiKSTZ7tcC6gFhoZ9FWvXfkPqHyd3Aeuk8URohU="
"-1:43C9CFB69A39D0137B5C510468E9478DEAE9A97BA9B9C85324892A8A1E391496",0,"2024-04-12 18:20:24.000 UTC","PIbyY7xpzYf+lF58hlOYtvdzLtIxHVduJy0hH+JG5hg=","WHzHie/xyE9G7DeX5F/ICaFP9a4k8eDHpqmcydyQYf8="
"0:81580DEAFC50C47BE2D19057BF3CC34F63E4817719E449D58758626FB5C42ACD",0,"2025-09-09 05:38:46.000 UTC","oQwrvX59c0TwSnCpq5LEF5lHPeyw6y2wGRTJSvSaDmI=","x37FADRh21bYGrTFXhMkg0LH5J+5VIwYF23zvvlKwjc="
"0:E56E442907AF3D0B007AC6ABEC8D336781220E18D93874E96DDC234BF357150D",0,"2025-05-14 07:02:29.000 UTC","32mW8RDMWlMwBVjcYaap9fBVK9qDfK5dYWIf1HBJSoI=","er2eMh9MOp5/WmIr6zchsUY/x4L3Bz9oitAHtVLXrlk="
"-1:7294428F130C71B08E164EADBC699145B14EB4301DFD9F92EA6CA73EA0D7A27D",0,"2024-11-29 13:01:04.000 UTC","D8awItApe39aAuZWFop9A8y60rFbDsaTrB0R82C+uHA=","wTjl4/ql3ZDNfQ+w176WJyti0pH1agqk9MlG2HgOH+4="
"-1:4DFAFB56C0FC61E165FE24AB20BD67BE8D44D852CF1A02F635D28B07EE32867F",0,"2025-11-18 17:37:26.000 UTC","rOuJ5yhwb+4KgZfzomooDd21ZcQwHJ1tXSI00QaSjD0=","M9QKNNdvxXJErosWuE9blQJEDrFMGEzMRcIe4yLU3oM="
"-1:864D8EEA363FAD3851D5B94FBA0C3738B014EF6A881B56728710217EBCADD5D4",0,"2025-04-21 15:10:28.000 UTC","b+iMssRzzsv76MKSo1Ebh3OrpjCvNi+cZ0swYnsLwRg=","wTjl4/ql3ZDNfQ+w176WJyti0pH1agqk9MlG2HgOH+4="
"0:27C774B6A8B6FC2206E1A57CAFC40E6FFDA7627AAC706A9527EFD9A0BB1CF69E",0,"2024-05-30 22:09:00.000 UTC","Qpt3u/1OtCFhxtg8KzjnmOriTZOEo4PS+3mea4vON7Q=","+EGNFNMDEmou7J5Nb36LnE1eOvpTSgCHpesWjL5sgHs="
"0:86077BB249E75F55CE4D39E6DA0D98FD780D970FFA7136DA08DB7A3996D3E7FC",0,"2025-05-13 14:01:12.000 UTC","wA998KtZHmGKHusTNomS12J3WeRY8LjtQt+V0PqLk18=","vKkoQo1BSdNSNNOnqGNMiHWk9zn6iGEs9xc7l1XD6xA="
"-1:A49A3D7FB52DB6727C2CD80AF2F6CE7A0A028C0526FDE6D75E0D9BD75611ED3A",0,"2024-04-12 18:13:48.000 UTC","0ic47bdgFa8KB1+u6PJGXawjEU8FUyy3v7fSuYKsjBY=","WHzHie/xyE9G7DeX5F/ICaFP9a4k8eDHpqmcydyQYf8="
"-1:33115681BC27942B3A7A605BFC08F6B12A49C481C084EEECA3B62BB0AD5112E4",0,"2025-11-18 17:37:26.000 UTC","0lT68Gt2ffwUmZY6nA9U3wuZ85dhK43FWxKg2duDc6A=","Sn84+dUrsge2UbXQaxUH+I72ExTEYVoJBClE68A9xSs="
"-1:979DD7FAA1B46704D6A2FC61E1A5B65B1B26F76E3C6C8828773B08C38BA39049",0,"2024-12-03 11:02:30.000 UTC","7OGbBBnSewmJkdEfQTQ6O4CkYkzsgyBtjfyv19TI+kA=","mf2n0DyWeFLvnFIvkc7oOm2FURYZprb6g732WkIWv6I="
"0:A60F6FCC89F275938BF2E4F716D394143B212C2197EC4998E58687C12891887B",0,"2026-05-17 02:42:01.000 UTC","jWIqzi6q0HPWpC+cHJA9IaCWBZvqb4HSWi+FE9Eoh/0=","ZFU0vXrzO7KkQg162WZSwo+pqLp0K1sIHB8S7v+h8LA="
"-1:CA6511233F8C63A57F79F5CCF0D2FF996D53AD2429B7D5885FD6ED9A48B1972F",0,"2024-04-12 18:13:48.000 UTC","zzYeGPbuDXbskbyEuebwr7HEQjOOed7/Q0Sbf7wS6Ps=","WHzHie/xyE9G7DeX5F/ICaFP9a4k8eDHpqmcydyQYf8="
"-1:F3162A9296328E474389DFD8D75C6272CFA008904D8465AE1CAF2BA8ECB2C5D9",0,"2025-11-18 17:37:26.000 UTC","gUp8hD756fxjwfMePh2fyFo3nRTh5oKehfuHKWHE4pQ=","Sn84+dUrsge2UbXQaxUH+I72ExTEYVoJBClE68A9xSs="
"0:C57F34C577789EF171BB12C56501178C3C047C78FA560B0D2CCD2AA5F8BD83BB",0,"2025-01-06 17:43:16.000 UTC","It9S0o5Yn6Cw8HqdOeDTbvb7i3pVo+OWYMjJrSrQcSU=","M97Ruxse9E3CsLy0JSpVFdeV596LyF5GiUd8YxV+kEo="
"-1:2673B98CE6FD60425AD7F62F7FA491CEC4D0E6DA72C1441F47DDAAB6C1CFAC3A",0,"2025-02-02 14:49:29.000 UTC","yvm1HiadtU4BBCe/3Xoqn18/vFNAV3SA1T8TlT4bA0k=","lqKW0iTyhcZ77pPDD4owkVfw2qNdxbh+QQt4YwoJz8c="
"-1:D420AA95074ECD8B292FF04A5D6C7BDC9CF26C150C2BE40E49496EC8107FF1A3",0,"2025-11-18 17:37:24.000 UTC","NhmOfjCOEpy/RUKdRavTW3ntUI4QPpmsh7JSiVsxmD4=","52Nso8UZQDbPnkN80E3BXkec21wxE2KVQQQCkFyu2pU="
"-1:8EBF7123FF916FC76A282C16FFB0DFFC4485399DADCAD1CF9718E29151B16B0A",0,"2024-06-07 12:29:32.000 UTC","ecivBerPk1TbhXYWHax3yO2AB4i2As1hHv7DBm0iZLQ=","hNr6RJ+Ypph3ibojI1gHK8D3bcRSQAKl0JGLmnXS1Zk="
"0:C5AA7E9C7633FFD0BA9FFACECD125892FD88D97808C6A2636A5B8B0D36CC9364",0,"2025-10-28 23:15:08.000 UTC","Srhl7tiu0pCta1YvZBod+layswxplSO87yghtEL3o8M=","nJWv9oRx4jB+73bJlUQzeUw8QhFSuqAKQaXazpvihjU="
"-1:4C1753F54BE7898ECDB95975D90574686D49F5AC8CA3529CD391D7C72052395A",0,"2025-12-08 10:24:41.000 UTC","hmLU792X4yE4ByRQTmMBMNg3AS/9O9tNtMNzmT6+H90=","zA05WJ6ywM/g/eKEVmV6O909lTlVrj+Y8lZkqzyQT70="
"-1:4710E8812F0723BE1BD17611312FE4E4A0D3C33614798D064AA67541002011A6",0,"2024-06-04 09:24:43.000 UTC","PNLDow4Yr8y4OF3Lzf2yJUjax5YHWgrn1jIqmYU4ma0=","mj7BS8CY9rRAZMMFIiyuooAPF92oXuaoGYpwle3hDc8="
"-1:0B4945E13051F43A5E599192863C6AAEA4C3F0255A8B3BC8CB60EF01C04806D5",0,"2024-06-07 12:29:32.000 UTC","fuIgu6AV72xIVEV3zu9ykbY7wl39BwNap7fpd03t2uM=","hNr6RJ+Ypph3ibojI1gHK8D3bcRSQAKl0JGLmnXS1Zk="
"-1:C714B6654B6BABAC257C58FD518A07A0BCE1A8A600C860DDA0D82587F845263D",0,"2025-04-07 17:10:04.000 UTC","SPnOyPhT7dxVEegCrO50jqmcnAvuFzmtlyT6BoSX3Sg=","wTjl4/ql3ZDNfQ+w176WJyti0pH1agqk9MlG2HgOH+4="
"-1:8D605E69B3FCF9A3A4B83ABAEC9A7137A9258037E1570B632CC82DE23127A770",0,"2024-06-07 12:29:32.000 UTC","CDTxP8xFPHPd8LpZlLqoxhQEq4derfBm3Pyj/husHxM=","hNr6RJ+Ypph3ibojI1gHK8D3bcRSQAKl0JGLmnXS1Zk="
"-1:6EC562AD2A4FD210474BBE84817B2783C77E065E584C0A1C65DEBC291D6F3315",0,"2026-05-14 15:35:31.000 UTC","fk5To3CzGkByU4Bdvv6inloUdgPetkagtiW5p3SsFM8=","mj7BS8CY9rRAZMMFIiyuooAPF92oXuaoGYpwle3hDc8="
"-1:696727D74B01AA0C2D524E4C23E3D5C520C484D10C67871930844495EB75AFD2",0,"2024-06-07 12:29:32.000 UTC","QgVNx5H1n3zYqL3ogGehulZsdONa4It0/f1VUHDNoTM=","hNr6RJ+Ypph3ibojI1gHK8D3bcRSQAKl0JGLmnXS1Zk="
"0:6413ACD15E1DD958B0B302938ADCF1F36E1A87C1AE5D5CFACD6004AC0BA1B85F",0,"2026-05-17 02:42:01.000 UTC","YfYqlF9ZcrB8cac1qZU8xxyw79nAW0K3G7i6ENmEtwo=","ZFU0vXrzO7KkQg162WZSwo+pqLp0K1sIHB8S7v+h8LA="
"-1:8A53C4A0B500670EE67753A758676623DBE111358221B635BAF8F82114085438",0,"2024-06-07 12:29:32.000 UTC","4POo1RqW3rg1OP8nAOAVcfb9IiBacdAv66EgWD4lcOQ=","hNr6RJ+Ypph3ibojI1gHK8D3bcRSQAKl0JGLmnXS1Zk="
"-1:8E05CE2D957B75237035A2D5FA83AB94878B09037F53B921B88F74C28290B7C0",0,"2024-04-12 18:13:53.000 UTC","eJcoOr46tqylwSyilf8UOh8R3vukr+/hHTHVv1/kp1s=","WHzHie/xyE9G7DeX5F/ICaFP9a4k8eDHpqmcydyQYf8="
"-1:ACDEF95E490778BDC01F1D7654829262F68D2A854FECCD8691BE33DF1F9F91F3",0,"2024-06-07 12:29:32.000 UTC","9397mWY8NVBolElmOTUwcbV9x6sD7Qv09zmVxwvuf/M=","hNr6RJ+Ypph3ibojI1gHK8D3bcRSQAKl0JGLmnXS1Zk="
"0:67C25DC61F840A5A1FDA6CDE891B35F949E411B1F09078F6E3242840E5985372",0,"2026-02-06 10:32:58.000 UTC","hZriM0jCWG0WNkKzW1XqiP+Ej7tQaqV7XpVgnZbc+WU=","rQMGaYHtyVzPPaWh0A4so/NFhbg/MBZpW6D4XyZ3KSs="
"-1:B7094F5B85CFA0D018FEF066D3526494AC99152D9AB1E9933C2A1F8ED985CE8E",0,"2024-06-07 12:29:32.000 UTC","69+eee6rSqX/k5hcvTKlu1rat9tb2HcjmJaNCaxUubw=","hNr6RJ+Ypph3ibojI1gHK8D3bcRSQAKl0JGLmnXS1Zk="
"-1:75AFEFE65F053C14FC01CD9F46DD0E938291771F2B2DA562B0E7F09447CC77C4",0,"2024-04-12 18:20:24.000 UTC","hEd2HLNYBthnZuojcViP4sfYXCUckK0GbIm8WC5B7Ts=","WHzHie/xyE9G7DeX5F/ICaFP9a4k8eDHpqmcydyQYf8="
"-1:AD995F5714A107B2769FBE2F749A356230223175D3B389CA436A8D5F7FBAA379",0,"2024-06-07 12:29:32.000 UTC","Se4PrrWQEMJzu1JSFuIF3xSJa7hc/WCKmSXAFoKLqr4=","hNr6RJ+Ypph3ibojI1gHK8D3bcRSQAKl0JGLmnXS1Zk="
"-1:0D495E40F07FFB0CE0D3AC221DC60E0197C90E8EE4EB658D62BECF2A61964654",0,"2024-04-12 18:19:59.000 UTC","AQIgsGuaXQpu5gY0v3nj9RmTGNZpFHb5zVK6B4SKH08=","WHzHie/xyE9G7DeX5F/ICaFP9a4k8eDHpqmcydyQYf8="
"-1:0F336E801965950B5A4334755D7353FDC17F1D8C46FCADEDAD428EBA19CE68FF",0,"2024-04-12 18:13:48.000 UTC","1maAPi8hkx7YLAgVYAO+y14Yf8ZTzOOXSJ4MbMeT2rI=","WHzHie/xyE9G7DeX5F/ICaFP9a4k8eDHpqmcydyQYf8="
"-1:C1F28234CD90E4B4B3FB6F2EA87FB91005E198930C87E4DE5237199B3BDAA568",0,"2024-04-12 18:19:59.000 UTC","aU216o9CtrsHjxaix5iJGIYNYlD1T9FkrY2h8Qrdlhk=","WHzHie/xyE9G7DeX5F/ICaFP9a4k8eDHpqmcydyQYf8="
"-1:243BA2BA421E9833875D8D161896F5402BB220C96F197ADFB866F36B56C990E0",0,"2024-04-12 17:30:50.000 UTC","DvtEWiV1jTqlFt1hrPpNBnsIqSHfNuszXJn/WccAnuA=","2s9GOKuPdHJC16F3zmLcwbF87f6YV9l6LQuRrdLuUFo="
"-1:5772241DF6F4FE1DD21B7D81E9A24AFDED763D75ABEA87C33EABE6A2F4565A54",0,"2024-04-12 18:20:24.000 UTC","i29sS7RkFlfGKV7hrmEG+JvG55m9Hmaom1FyFedqhaQ=","WHzHie/xyE9G7DeX5F/ICaFP9a4k8eDHpqmcydyQYf8="
"-1:457739FAF55B0C733F5C283B311CD499E0682E6706C6FA9C083012618E07DDF5",0,"2024-04-12 18:13:48.000 UTC","rjBi3dYCSCkeHikP62snMOFYBbPNT2ABVgDrRqR69zI=","WHzHie/xyE9G7DeX5F/ICaFP9a4k8eDHpqmcydyQYf8="
"-1:6B883D91A12285517D24AAC661B92C41FA2B74EF71607B7E4C7E12F7CEBCCDF3",0,"2024-04-12 18:08:37.000 UTC","vpaPusd8A9qaW/5KM1edda9/wg9H1XLJqVa5lPBWvTY=","WHzHie/xyE9G7DeX5F/ICaFP9a4k8eDHpqmcydyQYf8="
"-1:09540361FFDC8B2BBD7AE330422D2D92A5A641D4991597C74B75989CE0F7F0E6",0,"2025-11-18 17:37:28.000 UTC","9s+N1zvX4GZWwM9eNnLKgiTFIZpQLxyfm3UG5vVITio=","zTNAVl3rqjeleee7KFLPFMxg1KsNiY09v3CAnBDriLo="
"-1:E99717CF96D3C66DF54B43BFA3E1AC909DD0AE6A15601B6BBD48B66A761145D0",0,"2023-04-07 00:24:11.000 UTC","ZrvfkKaRjX+UKJRfU7C8uRd9zhthAVXzOqZNpio5MiE=","mj7BS8CY9rRAZMMFIiyuooAPF92oXuaoGYpwle3hDc8="
"-1:24EF145829BBAEBA8FBEDA1AA9313E864FCDF68BAD58B328F0539F12ABA3F5B0",0,"2024-04-12 18:08:37.000 UTC","8OsgzfjLyetAmTYrV/R9TZ0iY6oUZz1ymjW7TmVBcyY=","WHzHie/xyE9G7DeX5F/ICaFP9a4k8eDHpqmcydyQYf8="
"-1:E9B42E5A38DC2BB59AEE5C92707230C7158301016D0AB337210FE2A253D41B25",0,"2025-11-18 17:37:31.000 UTC","gHol8m5aYhHPGOcxRLH31B24Kf85txXnv2yK3ROvscA=","h6rKV5tAr/Wkho/FNZkgkJVmeCRYsicKygeZj1KuAr4="
"-1:796325B384F371F58B62CBCC58A35E596D6B9570925F204E0DF05461EFD83406",0,"2024-04-12 18:13:48.000 UTC","rBYBVYjXmAMW46LuzVVFbhAvJB+DsfmGda3jfd3Q5g0=","WHzHie/xyE9G7DeX5F/ICaFP9a4k8eDHpqmcydyQYf8="
"-1:CBA2F9CC8584176E9F27106A205CE899CD5DE0E980B7137E2D25D98C667AE4BF",0,"2024-04-12 18:13:48.000 UTC","wO0tls4CpZbhjJYE46Hgam99v+jc8qsE/PZm9+i8YZk=","WHzHie/xyE9G7DeX5F/ICaFP9a4k8eDHpqmcydyQYf8="
"-1:FE7795F01D8C50565860761BE9766A4FD9BBEABA8C8263FACCDBA2B4120AAC67",0,"2024-04-12 18:19:59.000 UTC","DYeXRXWirq/iK+ugirBTFEOpiog30xr9xojYZ2pGLL8=","WHzHie/xyE9G7DeX5F/ICaFP9a4k8eDHpqmcydyQYf8="
"-1:D806CC02673AD7CA940927E5296579546D5297E652E7798BB9E211CDCE8B8A5A",0,"2026-05-18 12:43:00.000 UTC","7cTU1YgLxDdpnvGr2Zd3b16SpEyJNsAY2YmEW1onsXA=","mj7BS8CY9rRAZMMFIiyuooAPF92oXuaoGYpwle3hDc8="
"-1:6B6B76E1A29A5BAE7BC4B044F7BEFE9838023B2913C9F21EFC3220DEDB51904D",0,"2024-04-12 18:13:48.000 UTC","T2mqrlFw89oThalWwx/IszW8hzIjXZDO940rLIHe40o=","WHzHie/xyE9G7DeX5F/ICaFP9a4k8eDHpqmcydyQYf8="
"-1:13278CC93EC1566E35B18ECFE28D1B40A16548E27024D406991EB9BD05AE30FD",0,"2026-05-16 09:16:41.000 UTC","mOtEPZPLZDdVWG2zqsI+4oEg71utw7z0s34/WlEdiJg=","mj7BS8CY9rRAZMMFIiyuooAPF92oXuaoGYpwle3hDc8="
"-1:9D617FF7BD0336108C58A92F17804D106BDBA8B309046ACF5CFAD490CC71F83A",0,"2024-04-12 18:13:48.000 UTC","x8266Y8CT1jmlNQi+7qgKIx39LPHcyWQZxqDnFfbzIk=","WHzHie/xyE9G7DeX5F/ICaFP9a4k8eDHpqmcydyQYf8="
"-1:5BC5274F99C1E40A4C483067F96F3AAB754A0F4FBEC3D03B802513927F902C08",0,"2023-10-23 14:29:17.000 UTC","uQRhv7rec4VlID0likz4CgatJr/hJPD6+6V26pZ4KNY=","mj7BS8CY9rRAZMMFIiyuooAPF92oXuaoGYpwle3hDc8="
"-1:38CA3753CEEFFEF24D782BA67813BE80CF1228A3CCC32BEEF73B8AE85C2D8EF7",0,"2024-04-12 18:13:48.000 UTC","piOl8ecjtg3QIsTRWxFXLClWaFBRMqDNRVhJ6qXhiF0=","WHzHie/xyE9G7DeX5F/ICaFP9a4k8eDHpqmcydyQYf8="
"0:C4E2FF0884C6503D7600144AAB78E4B420E4CA2478E46260183363ED0FF885D8",0,"2026-04-18 19:07:18.000 UTC","eQR8V6oz9dzj81WU5qbuw/Fv1Of7islJPjWAA4unwiY=","wSbZpUIX6ephebwalb2Oo0vXvKpHHMSuoslM4/z36BE="
"-1:DA1BDFDA1A6DD1F2D983AF577EF7B72ADFC34D91CE02A961E2D851A4FCF11A3E",0,"2024-04-12 18:13:48.000 UTC","me7a8YsBuFW00qt/C3IMjpmh2mQ5xTfm1mesw0ygesg=","WHzHie/xyE9G7DeX5F/ICaFP9a4k8eDHpqmcydyQYf8="
"-1:1E733D885E6E62040B7EBA1616CE141407C791B966EC2BCFEC3464E9C0D3C0CA",0,"2026-05-18 17:16:15.000 UTC","4ptePX3JIpEgJ4iSdE3GYAukWYIG4GqqtxdOLo/S+O8=","mj7BS8CY9rRAZMMFIiyuooAPF92oXuaoGYpwle3hDc8="
"-1:D0907DE3F1F324EA808CA9522EDB9A90523CB3FB06113FB21D2644574C05CA9C",0,"2023-01-14 20:24:59.000 UTC","3rXlHjAZ13rb79jHgsZnjvEb29S0UzXjzRscDr5MY9U=","WHzHie/xyE9G7DeX5F/ICaFP9a4k8eDHpqmcydyQYf8="
"-1:D7FF7E5EE4C3B5752F63B6F56B3A4A27A295EFA59F95AB4379828779B637B9CE",0,"2024-04-12 18:13:48.000 UTC","jXEPi+Ju30l6VdP6B73h/8JwQgJQ9u6ABzk0jJGgir4=","WHzHie/xyE9G7DeX5F/ICaFP9a4k8eDHpqmcydyQYf8="
"-1:267E796B9E0E7EA045A5744FB9E9EF8E5EC40F8B78BFBFE5F889116899402FA3",0,"2024-04-12 18:13:48.000 UTC","hd52gApqxRETZ9CV055z5K0spfznHXnpPJmY7P5vsZI=","WHzHie/xyE9G7DeX5F/ICaFP9a4k8eDHpqmcydyQYf8="
"-1:5739E8108D6FEB7FE049D046B83DF60CC9CD7EBA2D42B6367A7EADF2C724AFDB",0,"2024-01-27 17:13:14.000 UTC","7ULu4z9tlLK0eM9Pjarh39D5bs5qk80+85hqWXtuF0s=","ho5f3NhtGxZemjYt4sV3Y4WU9PlgMekt3Hv66VfYtek="
"-1:9F2B555CD021374E562DE834E5611EC4A05CE64BAA00DA5391DEFB91995AD323",0,"2024-04-12 18:13:48.000 UTC","GnsDBJ/2wRYuU1YJv02cXP9ghkkzn6lgi4oajOqWJjQ=","WHzHie/xyE9G7DeX5F/ICaFP9a4k8eDHpqmcydyQYf8="
"0:CC5FD4ED126312B2615EA4852AD7BD68111C3093B189C1279AC2AC0ED72B5876",0,"2026-06-04 20:54:22.000 UTC","Q3fJQJtMhkXmSK4Z4NFKq43JlLdwc+ZQuvn165AgM5Y=","Vqwh1grMw6UgZ4VeYH4mhqdwFhXw+2z3jwj7hQ+l1Rk="
"-1:61A9E9C9315374169909E034EB665020271460C196811373A0A12E94EBCD5D85",0,"2024-04-12 18:13:48.000 UTC","sdtiFdrDxdON13mPjnOXy5J7UXGEv0D3L5vGvNA99tE=","WHzHie/xyE9G7DeX5F/ICaFP9a4k8eDHpqmcydyQYf8="
"0:54F5AAAF3E79DFFB4505F10A4E13423D3A1B8D406FD766D1ABBE3F00B4ABD97F",0,"2024-07-19 19:45:11.000 UTC","H43gv0wqqvpkJOwPF7uFamycqjjDI76MHuj8Cwg4XWE=","ELXFibUEE46qUSFGOoRfVgEdDcxi87cdgDIJz4E6iQ0="
"-1:E6BE2FF47F9D2AA5D1BB8DB4FBCC45863760F1614D2119B6399958AAE5916922",0,"2024-04-12 18:13:48.000 UTC","POb8L+Bcf1qaM0s0xvAzB51apY2DYWUVeB9a+QnFxow=","WHzHie/xyE9G7DeX5F/ICaFP9a4k8eDHpqmcydyQYf8="
"0:6171B4C729A072D615110314D4DAEF0491055487C1205EA9EBCBC0926830865B",0,"2024-07-07 22:09:35.000 UTC","cJ4CX/yQi6mRtqAq8v0ZckWfx3DE/CYzECiFLVBXA10=","er2eMh9MOp5/WmIr6zchsUY/x4L3Bz9oitAHtVLXrlk="
"-1:37ECC0DA78B00E5E3733E6E44F96887B3C4C8499D267BA2D33B672DBE7E0E649",0,"2024-06-07 12:29:32.000 UTC","r+Y2zWUJN6YasH4ODVMlHU38hxAVI6UXo03w/Lr6nw4=","hNr6RJ+Ypph3ibojI1gHK8D3bcRSQAKl0JGLmnXS1Zk="
"-1:2B3B6DA2FDDE6A0FBB0518BA873DB1B45B6BF38FFF6915BBBAD37506100A855B",0,"2025-11-18 17:37:26.000 UTC","CGxX1bVaZOr+dm95N9lUuQ6dDF1j3h7AMeZO3J1kQpI=","JspIwpYIhj5mIUzisOdqf9gwBLdhmRIxfMuXjNhAhmM="
"-1:4253BBC1109332BF330E6BF34C28EE4DC8B0AE9307245A163FC705E1EC6330A8",0,"2024-04-12 18:19:59.000 UTC","E0LkM5vmqvdwkwIUN91eECSrDwhdUlcAQzYcvoTfsx4=","WHzHie/xyE9G7DeX5F/ICaFP9a4k8eDHpqmcydyQYf8="
"-1:98CE5EE5296C3A15DF10E249ECE0C74480D183984BFD282127A49D709365353D",0,"2024-09-28 13:10:36.000 UTC","qCGgcYBrhO0xJOD9Qawgf+u5veHmZynkPevAyjfshBQ=","mj7BS8CY9rRAZMMFIiyuooAPF92oXuaoGYpwle3hDc8="
"-1:ECC425EB99CB3D3460F4D07D158D5E5F67A7D0D7202A3663309F8984297E0FB1",0,"2024-04-12 18:19:59.000 UTC","hgPru6Mzav7ARIggCmX8LUCySpznUO/DjDdoDZkbw5c=","WHzHie/xyE9G7DeX5F/ICaFP9a4k8eDHpqmcydyQYf8="
"-1:A6E983300E8431CA79D8D669DD8169C023A5C00A81880DA72C744C2C2C51BA86",0,"2024-04-12 18:13:48.000 UTC","/z4lyEhpbxZviKYJiV+CEjeg2JCBTGUnjCg7uTwVNwg=","WHzHie/xyE9G7DeX5F/ICaFP9a4k8eDHpqmcydyQYf8="
"-1:EDCBB6CFCFDA63201F9E7267D4287652B260964817B58A2B1902511169C74A10",0,"2024-04-12 18:13:53.000 UTC","ZiX+aWWLZ1e53ZJQm553I7F7xYnzlLBeziadmNvoZxg=","WHzHie/xyE9G7DeX5F/ICaFP9a4k8eDHpqmcydyQYf8="
"0:6191D1E8CDCE6D3FA46BB35DC2ABAF27CE403D0FE244716E8AC1B693EA82843A",0,"2026-05-17 02:42:00.000 UTC","5GyKOvmlikifYN5nhHxZWyF1DeQlwbc+RN+hsVpaWOA=","ZFU0vXrzO7KkQg162WZSwo+pqLp0K1sIHB8S7v+h8LA="
"-1:8C8806AF2C0605587F9AAEA25D8F2327FF239711BF9AD761B1712DED9AA93B3D",0,"2024-04-12 18:08:45.000 UTC","N2OLTR4oHoeeluqmoAb4/Aj6Ggn6qFSylKkhCkfR/uM=","WHzHie/xyE9G7DeX5F/ICaFP9a4k8eDHpqmcydyQYf8="
"-1:9C62328A8D666852D0916BA584CBABCB7424F72D15E0B21234F8D106059BDC58",0,"2024-04-12 18:19:59.000 UTC","uSQ6WR9bEGMEnpq/8hhmOBQMFSpZmQZxwqtnNPcRMas=","WHzHie/xyE9G7DeX5F/ICaFP9a4k8eDHpqmcydyQYf8="
"-1:D173AFBE9C37F05508CBD72E23E31DC07507EF79F057AAE3B0B563F1A07AEF38",0,"2024-04-12 18:20:24.000 UTC","/xNcV2GaYtU8BYY4aYJyisdQHKxgJ8eV4+FhJ+f2qO8=","WHzHie/xyE9G7DeX5F/ICaFP9a4k8eDHpqmcydyQYf8="
"0:DE449D1E4CA1C77930A78414015450E82597632F73AE99B0D0174A87E19616D9",0,"2026-06-09 02:25:59.000 UTC","yPmVutfzU9sIVW9AFMRbGx2CntyD0EM6JedeREQhSYo=","1zEQVZuCPbIYa8P5/Hl3V6t6vGxfMk/KrgyTJkFOMlc="
"-1:DE9029D7BFBF93C452D457F7F6D93C6E938C737EFB478F08670DAD8B93E92CB9",0,"2026-05-19 03:29:49.000 UTC","1dDF/Zl2txscVWcgrxwHjs3JJea/Zf5u5Vw3i3FABPo=","mj7BS8CY9rRAZMMFIiyuooAPF92oXuaoGYpwle3hDc8="
"-1:F618D7E4EEA925EEC050C18CD4124758F7627F14C433DD523889F05BC3D3DC64",0,"2024-04-12 18:20:24.000 UTC","cHVjWPfOUQGE1wqsKFvYj29q4SlRmSWdZkbB9xr06f4=","WHzHie/xyE9G7DeX5F/ICaFP9a4k8eDHpqmcydyQYf8="
"-1:2B64A5E06F8FBF43942E03068F86DBABB68ACC25DAF04B1E540A73C799F4545E",0,"2024-04-12 18:13:48.000 UTC","Ho8Wf2Oz3+6gryb+dQE3T3ZoJz2lU7kdiHeXQSOt7t0=","WHzHie/xyE9G7DeX5F/ICaFP9a4k8eDHpqmcydyQYf8="
"0:F7D33CCE8F343668B0AA2C77C2C7CE2F6BF101B89DDB965D396B53B5B0160867",0,"2024-05-21 20:36:26.000 UTC","Ml7diPQXWk9M2YDm04k80H5j8MpgsFt0X0BhSr53grY=","ELXFibUEE46qUSFGOoRfVgEdDcxi87cdgDIJz4E6iQ0="
"-1:B759D05A94CA037E47BF8B3CC64CE4AA96E46E92D5087D1C3A06630DDD818239",0,"2024-04-12 18:13:48.000 UTC","odWTKTaHhEeA9JM/1yb94vltz88SbrKWVw81LIXemmE=","WHzHie/xyE9G7DeX5F/ICaFP9a4k8eDHpqmcydyQYf8="
"-1:B85683B3E469362F35DEF366EB25965EDF7F41B6D3924C5DA397B0BFCF8D43E7",0,"2026-03-30 01:19:37.000 UTC","aDC8W5Xci3GP/8nhH8YgeS5b6/6zH+QNfnrVDFpEHBc=","WHzHie/xyE9G7DeX5F/ICaFP9a4k8eDHpqmcydyQYf8="
"-1:5EE39BB7825A58C9571F7D2B270E25259C07B535C01477CCEAE1FF3E51463658",0,"2024-04-12 18:13:53.000 UTC","nO3DN6+VJmQgWT6q5cJoKRjEZkg5WD0zqb2ApnT3pWo=","WHzHie/xyE9G7DeX5F/ICaFP9a4k8eDHpqmcydyQYf8="
"0:C23B1CBA39B0B93741984F3441383E4E8824595909E6A1221D588BC1629C1F71",0,"2025-02-07 08:13:04.000 UTC","0vHZtThoicyfxWkk4dRj5+wVbIi8E4rAQqXX9cFVFgA=","M97Ruxse9E3CsLy0JSpVFdeV596LyF5GiUd8YxV+kEo="
"-1:2E3C9725AE263DF7CDA5D5A49308A65C5B1169F8824FD72806C99F595ECBE170",0,"2025-11-18 17:37:26.000 UTC","Sm38Q4P/PkucrnQQxkHR6nL7Q7MojA6eB3MKptHMj5s=","7kOkWG7pqkebqKGJigW50INV5MoeUMrbKcUmMCDSSBw="
"-1:4AED684DD3FA05D596C62D03D234D98A2CCCDA38DB4AE6449DAD435533FCA85C",0,"2024-04-12 18:13:48.000 UTC","DMT5J9trkXSZBl/jE4Ki3sI8agj//8jUF+g5F1iUVbk=","WHzHie/xyE9G7DeX5F/ICaFP9a4k8eDHpqmcydyQYf8="
"-1:2569A0D757C1EB20BACE9261E9EF639DEC5954A38E20586962E2A132AC720F38",0,"2025-11-18 17:37:26.000 UTC","biLv6Ppg2S8dTWq/8mN5YZVC6Jn84fHiOPcngv3kW5E=","Fr1ZQcPXjjtWgoZKpW2wwSoo4Z5JL/W8FOKL4WOXVHQ="
"0:FEAF78E85F2676916471ADAAB37BACA92A856D4B1D6A94A949B0D123C8B33BBA",0,"2025-09-14 12:09:51.000 UTC","QqnJJpscjf2N59TozHHTj3I38o2S5xrxsKvlrc0uZ4g=","L67VZ7nE7ySDMGK02Bqq7ykCP13c8IH3d5Lroj9MQ3s="
"-1:AD38D9A7FF88D6C7AE2C4CB89FB2ED59E0521309D603461DCD3958604DF2E07A",0,"2024-04-12 18:13:48.000 UTC","VQ1mtwMIxH2WNXcTyW/1lzQFiXF74hOvR5eM6duBb/4=","thBBpYp5gLlG6PueGY48kE0keZ/6NldOpCUcQaVm9YE="
"-1:1C2AB22438296C5ECF16A62FA1A727725DACF3E7CCBAA50D687EF69CD938D681",0,"2025-11-18 17:37:26.000 UTC","sb+62cO7660Wf4LDR68JyTFqGRXcxOoDXZWago3tCuo=","AwVNNn7qI+/iZjEDVBmrvM/gVDH8EDGaw7Xw0/cG+w4="
"-1:D81D7D1885EBCB22848883D18FAF272C089F30C0B48FACF8B39761C903C9F1C5",0,"2024-04-12 18:19:59.000 UTC","JCvX/1Uagp773Fym/z+QmaLMbyIuoNXZ3NGhvzdNvg8=","WHzHie/xyE9G7DeX5F/ICaFP9a4k8eDHpqmcydyQYf8="
"0:4193623F0DF6693319D2F7F6947A91AA303DD65EC8D106B7124EA8E1FC1665E7",0,"2024-08-24 08:10:34.000 UTC","SphOcMOLoWZvgkgm7w3jwRr+1tD69BGGUeCx5I/3sh0=","ELXFibUEE46qUSFGOoRfVgEdDcxi87cdgDIJz4E6iQ0="
"-1:5EEAD930B48263B7DA4AE1D27ED8CD5D98DBC5381FE6BDA58CB44954EB5A23E7",0,"2024-06-07 12:29:32.000 UTC","BrkMyFricKbfGlllt5864w5Q7SyyaloWjNJlEOEGi1c=","hNr6RJ+Ypph3ibojI1gHK8D3bcRSQAKl0JGLmnXS1Zk="
"-1:665EB4A3AF463F503FB8C68CDC47BA0E2D01A805C5A67770B2AAE04EC50B3192",0,"2024-04-12 18:13:48.000 UTC","sLobh6tOn7Oy8KSEVZAP544IaMoJCZRXms3BLrkA90M=","WHzHie/xyE9G7DeX5F/ICaFP9a4k8eDHpqmcydyQYf8="
"-1:7090FED68CEA736FB142ADA76224355D9E846F8596B2D29C31DC8FFA3D13C2DE",0,"2024-04-12 18:19:59.000 UTC","nTS6mYlX78S+bWmT3mI07nM6NmSflBzQQuk0FU5vsOg=","WHzHie/xyE9G7DeX5F/ICaFP9a4k8eDHpqmcydyQYf8="
"0:33E7F558C04390ECE98F1BFC9B1F7583630A44FAB38A0844F9FFCF21B89D037C",0,"2024-08-22 13:22:56.000 UTC","BkuMpCZlsV+n25OQSeuwNeSielDAKIe4/nTIvamQ4AY=","CMZIFzReCh4Jgc0qVjU4IWnqbVzjImg+sW8Sd/ZrkX0="
"-1:05D9C2BDBE3757F5D3F15E190E80005219E8CEE43F366A0C5F9EBD48C810B68F",0,"2024-04-12 18:08:37.000 UTC","Fo0GunyvhDLNfMsqQMvSkSpc006NtCyFxPlL+U2yE3c=","WHzHie/xyE9G7DeX5F/ICaFP9a4k8eDHpqmcydyQYf8="
"-1:7F249FF36637E993461F4164DCA03CE16642AAF3A129B4D8B87E1AE369BFEB8A",0,"2024-04-12 18:13:48.000 UTC","s5hPolTmXHZ7dMI2nlWohSKSERk7xDMjZRRT6FfPmok=","WHzHie/xyE9G7DeX5F/ICaFP9a4k8eDHpqmcydyQYf8="
"-1:5CDD5CE93D72294ADE17B353D0E21DB3A6B0BF703AF8212C1164566E6B199071",0,"2024-06-07 12:29:32.000 UTC","m+eEZLupS8krYkuWCtJPyJ249kGUVtON7ALhJI8JCuQ=","hNr6RJ+Ypph3ibojI1gHK8D3bcRSQAKl0JGLmnXS1Zk="
"0:93B275260F6C2F37E48169AEC2305D6C8137C2F98372C2A6DD3DEA4AC37E1506",0,"2026-02-23 22:19:44.000 UTC","hYhGQbBSrsHTz7/kpxrXR1kvPbTDu+K5xJPf53bzKqA=","jApLgVIR8xY5qQniz0Dc9ua0GOFkfsvIG1aIvG2EJpg="
"-1:09B3838CF042EB1097A20071A9C22FCAC9FA9C5635AA07E9B1295ACC820EECB8",0,"2026-05-18 12:45:12.000 UTC","07A0Hk0TSyfExmsdMn1RZ3C9Qsf3IAB/ARUXbf+ZulM=","mj7BS8CY9rRAZMMFIiyuooAPF92oXuaoGYpwle3hDc8="
"-1:B22ECBD7746CC8B2BEE6A662D7EEEC58A35EF9CC0BC77A640F1607E521AED9C1",0,"2024-04-12 18:13:48.000 UTC","4Ao1JDm5u68pIHQaUbhITv13vdcUHXRQFSEuEFhGmq4=","WHzHie/xyE9G7DeX5F/ICaFP9a4k8eDHpqmcydyQYf8="
"-1:2F232369D8D777E9DA41BA144647C2646BFBC1B1D5C0408743A53C758EEC3E0E",0,"2024-06-07 12:29:32.000 UTC","WzlOKR0i6EM1E2kcT4XI90TlclUfimpHzJF9jvZz2ZA=","WHzHie/xyE9G7DeX5F/ICaFP9a4k8eDHpqmcydyQYf8="
"0:E51EB62F995F51F75C0D6EABE9CE8FBFA57BB843ABD0668D3EB760A9942E9982",0,"2025-10-31 23:45:45.000 UTC","2VWZ7vdXYvOPJdE47O5B5OA91HxiyK+IkDBAbl/B2vs=","nQTmaQA5ycD4TTHZhAG7zCs69hCVjRZ+dVGtB1y1mU4="
"-1:7590663712704C241401CEA7615B2EC8F6DF6911064F522E827E3ACF7CFE510C",0,"2024-06-07 12:29:32.000 UTC","/W6WFPgwNGgp2GpYjsqOPhFdA3p84SoCzwOumr8clrU=","hNr6RJ+Ypph3ibojI1gHK8D3bcRSQAKl0JGLmnXS1Zk="
"-1:30720922AF24B18F705566BA7693656C3F7074A76B844A429C3F1E35CA5C3E24",0,"2024-04-12 18:13:48.000 UTC","2+bF6EAt/0Y9pDEthQ4DNqxysS4kNkgZ87nN1QAe0Nk=","WHzHie/xyE9G7DeX5F/ICaFP9a4k8eDHpqmcydyQYf8="
"-1:654ED89ED264D0929CE76FC1C77ACD5CA22426F856A3C9D5B32A094C76B743FA",0,"2024-04-12 18:20:24.000 UTC","1/tsPByFCclvukJjhRh/CQas5URKmbWChIy/sItHJig=","WHzHie/xyE9G7DeX5F/ICaFP9a4k8eDHpqmcydyQYf8="
"-1:34517C7BDF5187C55AF4F8B61FDC321588C7AB768DEE24B006DF29106458D7CF",0,"2025-11-14 10:44:18.000 UTC","dmAZ6SSHh/OnEQOmp4De1vwWkRhW7RkgXhzs+cZYIUU=","cmn7n+tF1xnr28OwgWuYe6sG9DN43ITchNVXJ5BUghQ="
"-1:4A48E7D0BA9D727478E876D41F2FEC4A61828F32B67928B935D2C300AD4F0A48",0,"2025-08-19 03:21:33.000 UTC","LSUNbU+XQiyNfbhLBa/xEzidaPFBRdpRwQQI8ZEkj74=","mj7BS8CY9rRAZMMFIiyuooAPF92oXuaoGYpwle3hDc8="
"-1:7494F4C68428E2850D75D929555984157E5CE32DDAC7CABC186CEBCA87AA9808",0,"2024-04-12 18:13:48.000 UTC","EFZ79BW7cee4da7A9fyRInrgDnKLIxqOtJkCoGPwYxA=","WHzHie/xyE9G7DeX5F/ICaFP9a4k8eDHpqmcydyQYf8="
"-1:509E298FC09161DA656E1CE26767C0D6304412A47B5C364361E6E7A73DF5FD84",0,"2025-11-18 16:38:42.000 UTC","AYAzGGHWNpPmlgX82uScjHXVDRPQ0FZc0pQMFdrvkGM=","7GKl/U8laUWGLPpT22VAv5p+cthYfp1iCGWq9eNnyM0="
"-1:A807896C284D117C56738A54E5EE7E3642FDC5BD350DD59B84EC448EDCC81C64",0,"2025-02-18 16:02:55.000 UTC","2J89Qn5Cb/RdYuBoPUcoaCAjgA93FK1KzBrinpbizM8=","/KWrJfziGRvDQlTDHuXsPJVqk8RKQLtcNkjnEI5XY3Q="
"-1:A6E54FFAACF7E968C105F86DE3577625B80DCD23B123D613F2402B696653C037",0,"2024-04-12 18:13:48.000 UTC","1rk9nFqS4vDvm7bdB5j/bsbd9RdRqRpTtl0zM6iBH5E=","WHzHie/xyE9G7DeX5F/ICaFP9a4k8eDHpqmcydyQYf8="
"-1:DE5D5ABDCFB2253C96B1B13FF18577FFB454D53A2DA9979BC9B650252455871D",0,"2024-06-07 12:29:32.000 UTC","P5NIE/SSq7o0IMAO+SC3jXiDIVw8j+Pew8Hs2ooL9ec=","hNr6RJ+Ypph3ibojI1gHK8D3bcRSQAKl0JGLmnXS1Zk="
"-1:4D023D5A9FEE671D41A3F08C39F7EBDA1A86390248E91B622B9EB4DE4F155881",0,"2026-04-29 13:18:11.000 UTC","/2KsmGp7jxFM5F33QNXm1mhvcdaz/f6lMr1isKurT1Q=","mj7BS8CY9rRAZMMFIiyuooAPF92oXuaoGYpwle3hDc8="
"0:14EC28EAF26E92D51E48DDFD228787BC294F6E0A1C5AA71FB9F6C570B5B8C739",0,"2025-09-09 05:07:37.000 UTC","xQT12vC+emuR+Q/b56EHUYatSVTiPCvllZbGByld8mY=","x37FADRh21bYGrTFXhMkg0LH5J+5VIwYF23zvvlKwjc="
"-1:822844DB031FF6AB167DE6DADC48591C149ABD43CFDBFD2104BB1C8E8B0B1AFD",0,"2024-04-12 18:19:59.000 UTC","uMLP30/QWFzF2ypzNQHYnD4VLNBw5pzUgfONxTzasYY=","WHzHie/xyE9G7DeX5F/ICaFP9a4k8eDHpqmcydyQYf8="
"-1:CD4B37C3248D40DEB38CD06426EF1B285171D3826761379F8EAC60FCBB02F624",0,"2024-04-12 17:30:50.000 UTC","n7rGX18EjiZJAAOX7ahrGUBkXBRJLNhMdpRYGuxd+K0=","2s9GOKuPdHJC16F3zmLcwbF87f6YV9l6LQuRrdLuUFo="
"-1:FBD28F726A8618ED992DEA7912BFA2909ECAA0BBFA1AA597C19404F633690AEC",0,"2024-04-12 18:08:37.000 UTC","TcbSmEsPTMuow2foRZ2vVMZ1irCfYz9CiFe3iCBroJQ=","WHzHie/xyE9G7DeX5F/ICaFP9a4k8eDHpqmcydyQYf8="
"-1:1CD097F4AB558BBA673423C56E341436BD8C9303E4B17033F2BDDED03453B944",0,"2025-11-18 17:37:26.000 UTC","Z1NxDQ4hc2WhuyTtvbqzLOn2DvdVh4DHpSwwDycNSJE=","QPA49MO4RQcSAKXi2jU6RgWoZOn34oTpYLFnyw4ISTQ="
"-1:8667E4DAFF97A67DC33CD0D98857AA0803962616EB66D81E042EDE2E874437A2",0,"2024-04-12 18:13:48.000 UTC","1m9jJGD4VCCGrMnOUv+HDH9t3IVv3CuiHyN7rKrtoSw=","WHzHie/xyE9G7DeX5F/ICaFP9a4k8eDHpqmcydyQYf8="
"-1:E0D97F407DF48AAB6A73E693B84B7914764BE06A091E9EF51D92550B554FF32D",0,"2023-01-01 13:55:48.000 UTC","5lZvcnk/au0E++atSLTXgrwpm6QfZg56vM5b3+V9AMI=","7JHzkiv7T26+a8HGjSD3q0nGCGhEW9KZYlbu4Q/Rj58="
"-1:5D6BC7EE1C18AB450DEE2B5196B553896A752B29260A6A10B547084297304BFE",0,"2024-04-12 18:20:24.000 UTC","k/DJM/G/S6575P/boq9ICVgRhZ+EojrkXEA0o32xP94=","WHzHie/xyE9G7DeX5F/ICaFP9a4k8eDHpqmcydyQYf8="
"0:D1DEED39CC32BE4419CFEC39DD49DB4D5A3A3C35205C98F4D024EFBAA9F97A4F",0,"2024-07-13 01:01:49.000 UTC","wgGYaBJ/W9xTOd4HStQ3fqt/ybKhy8UjgA4usIj/BLs=","ELXFibUEE46qUSFGOoRfVgEdDcxi87cdgDIJz4E6iQ0="
"-1:FC0CFF4E8764F20627A918EA49204E5EF6B9604DA3DA57CDD2C70BF1AECDA52E",0,"2024-04-12 18:13:53.000 UTC","y0f0FuU7cFIf6wdQUpXNMEzHt/tTtPLoW6OAzlnWDYs=","WHzHie/xyE9G7DeX5F/ICaFP9a4k8eDHpqmcydyQYf8="
"-1:42C51791C9A1A3D2FA521F48116643808AD9BFC831EF822306B66BC6F994E2AE",0,"2024-04-12 17:30:50.000 UTC","CAEiVHx/SAXHa8/iSRIpBtbWurwFZNFVeafahnuqvIY=","2s9GOKuPdHJC16F3zmLcwbF87f6YV9l6LQuRrdLuUFo="
"-1:7A757C6C2FF6DADF3B722203F3E892575F514D62806BBB7323D396095965F794",0,"2025-11-18 17:37:24.000 UTC","uRXAwOoX1dxzTPYbFLIAVPrDuO7eydO/ZCllmontNrw=","HbMRlMnIgkOSWftunw5opErMzu6ToFkMKKDKtvSlfB4="
"0:84B1F77280836751E9F2FFFD7E72DF572E8F5F2B06CCF52BDD53730DCC99BF85",0,"2024-05-03 15:52:56.000 UTC","RzCZt13bAOV5SSf4JDazbtlVK6azKw+sFnW82xqEY4M=","PMqzZX5128vxvIFi9UgjphpklbgBsvwuBbSY40m5xCA="
"-1:BA12101AFA6FF9290E1D09136231847D313E697AFBC54DE075FCEF1F923D55A3",0,"2024-04-12 18:13:53.000 UTC","zPFi7M8WETiRidcEfzWSS9jQPbyjjvVBeE5SgGO9FyE=","WHzHie/xyE9G7DeX5F/ICaFP9a4k8eDHpqmcydyQYf8="
"-1:7861C129F5B80B12C69B3ACAE736F5DFAC1FD2CBC07AFA467EBAC6341A4E7657",0,"2024-04-12 18:19:59.000 UTC","zscHG6365Yrw4964BMCZ/xUY47VckGjLbN5HhjefqiE=","WHzHie/xyE9G7DeX5F/ICaFP9a4k8eDHpqmcydyQYf8="
"-1:66BD5609D4ED9EEC651388F38FBFABFF39B57A02D15D1543D2E55E0885F80CF3",0,"2024-04-12 18:13:48.000 UTC","czawcepDoqTc1IwsXWv8pwRUmqfHSA5Ph8ugfLs6RFI=","WHzHie/xyE9G7DeX5F/ICaFP9a4k8eDHpqmcydyQYf8="
"0:C73F52F48FC6C0A7C43E7360D87953FD80733DBBE3D1EEC91DB52733ED610020",0,"2024-10-15 19:13:33.000 UTC","a5YADUr1CneDr8wToBlb4XarZmAwzH/O2z7FFcjXPDE=","M97Ruxse9E3CsLy0JSpVFdeV596LyF5GiUd8YxV+kEo="
"-1:5A9BE3BB56D080ACCDDC6D3DBAC4126836846CAB62331BF6FC92DE9DD9F5A91A",0,"2024-04-12 18:13:53.000 UTC","stjwyK+CcZJJuc2zRSUTbeKNz8NhZaPJTKoGrwP33Z8=","WHzHie/xyE9G7DeX5F/ICaFP9a4k8eDHpqmcydyQYf8="
"-1:834D10218F77E338F3F8E47463099E74D59D1E8DF1B438D9481F0069A1092B7D",0,"2024-04-12 18:20:24.000 UTC","CNAyNn0no34uYZA8J5WBUqBvhqd6Q6e+9B+timPl5Ig=","WHzHie/xyE9G7DeX5F/ICaFP9a4k8eDHpqmcydyQYf8="
"-1:C0C8A2F40E3902946695A6D7520F768FC6D02F9347BD6ECD199641FE4342A1D4",0,"2024-04-12 18:13:48.000 UTC","JfiBLn5rVALjW8r8mIXodzdOAKEcVkRZXoR3zaFPg40=","WHzHie/xyE9G7DeX5F/ICaFP9a4k8eDHpqmcydyQYf8="
"0:9CE5421A48D1AD65FE146C37D61BFEF8DBDFBEF7FA003C66B6A9A5C04F368396",0,"2026-05-17 02:32:47.000 UTC","oWX2j+auuQ+i1OOphrK211ZvjTr+dppB0Q4/UJXL3CE=","8RJIigOh2m1aQdYcpVmI8a43XNlM6RxgeIbqwmLH544="
"-1:7F11247B71D2CEE6B48F157B42FD0AFF711686C9A9AB76A89B5AA338A030D116",0,"2024-04-12 18:13:48.000 UTC","4bcbN8yAV3fbpmMP3BdiJVBu91QKVNcxwz8YOD9rqlw=","WHzHie/xyE9G7DeX5F/ICaFP9a4k8eDHpqmcydyQYf8="
"-1:678175A44367CE61639A82856AA8335845E69EF89DBE7D1CAC823B05CD99176B",0,"2024-06-07 12:29:32.000 UTC","5a9r25PscRmlir1SLPo9C4pNIqxAI4gq4c2ywN/Ff2k=","hNr6RJ+Ypph3ibojI1gHK8D3bcRSQAKl0JGLmnXS1Zk="
"-1:DD56824F1725CA129B17D7733E88BFE538898EC6571E3731C481EC9573C75964",0,"2024-04-12 18:19:59.000 UTC","Fx2Aarhx2l2Y6ORP+OmApVwlwxPGjzTu6Psz+KWMZkQ=","WHzHie/xyE9G7DeX5F/ICaFP9a4k8eDHpqmcydyQYf8="
"-1:D45AE7C6696C5DC5C48BC7F125D240487803C67360FA8EAC5D2259BD03B70539",0,"2025-05-27 11:57:47.000 UTC","4lJHBqT66eHcN7lfcoh+DnKzq8lvRPUTqWachC4eaDk=","tItTGr7DtxRjgpH3137W3J9qJynvyiBHcTc3TUrotZA="
"0:2B3CF8449E40F2126483B42B327769E0EF1969B19492CA62301BFCA2C4203BD0",0,"2023-10-24 22:16:38.000 UTC","5kc86VEctIJfKXV6jd7YTcnyiMHd11Ek3pehVYMdJcs=","tLHgATZ74uxZwpaqIAxEkfbjZY9adWVUatGP9nUYjhM="
"-1:93010A5D0F0FCB66993AEA268D8E47E29B6F85039A931D86BCBB8E8F87C9D146",0,"2023-02-27 09:12:26.000 UTC","9+QZE6fe3o9aQPmVlNHJB5MgKTC45A9QNHRgnVMs9ok=","hNr6RJ+Ypph3ibojI1gHK8D3bcRSQAKl0JGLmnXS1Zk="
"-1:27DC6A134EC7D19458B560A1FB5FEEB59C10D986A975453849158B60D2D63DA5",0,"2024-04-12 18:20:24.000 UTC","yVUbQLYCAoLXofOKvR9jn0LHI1hD5b31r8V2e3M/DZo=","WHzHie/xyE9G7DeX5F/ICaFP9a4k8eDHpqmcydyQYf8="
"0:7362EC4AD253F9065E53E95BCBF0EA07A513ED579E6F6325CF2B54359C273883",0,"2025-10-19 12:36:19.000 UTC","zXd9wOTSVdIg8fjbGR52Im78+SOnrUN5IhO2n08anw8=","cJbjhRLiN6h6ltPystQOlXCRGG1AaXUHKqXgvx2I5Ns="
"-1:CF342943FF0D8F4514787C742E6C8B62B89BA67C01339149EC7B9D264EAC2FDC",0,"2024-04-12 18:20:24.000 UTC","4od5T7jjLF2cKY+jmXhI+hjftRlNyBkhRQFuIGLvACU=","WHzHie/xyE9G7DeX5F/ICaFP9a4k8eDHpqmcydyQYf8="
"-1:EDA5DAE9FF5F419362B25F22677E1A5DA8777802A4109BFCA54128F62F1649E6",0,"2024-04-12 18:13:48.000 UTC","an3QdBtOFD85Bgeo1i2bW/Ku1R7vPqfl0OYEMlMY0LI=","WHzHie/xyE9G7DeX5F/ICaFP9a4k8eDHpqmcydyQYf8="
"-1:2522C7A9E66E9AF4D1FAC0C386F29565E8F1A8D3D86488C27955B577D4B52E40",0,"2024-04-12 18:20:24.000 UTC","XqPmmxRZUStfUiXPDtVy1kW20WB0gO0Rur9qqEyv9oY=","WHzHie/xyE9G7DeX5F/ICaFP9a4k8eDHpqmcydyQYf8="
"0:D10FD3BBAEC451FDA28102402223E0C2D73F8EE6C122333DC3A5B9C24C6801ED",0,"2026-06-06 17:27:33.000 UTC","/ZPwUs+fv7jOHMlCNPtRdnMCgE+ZOfdVAxvJiFPKvmE=","TrAr+8vja9VkkoM4iQx5RhmC9682FP16FcfgwoFAct8="
"-1:861DDF81AA3AC9B91BE6CEB88156C08736881DCEA519F79568BD965C414AC7A1",0,"2024-04-12 18:13:53.000 UTC","59nPh6DMoXKlmqIIvXFM65n35krbh9rU0/c8WyDl3IA=","WHzHie/xyE9G7DeX5F/ICaFP9a4k8eDHpqmcydyQYf8="
"-1:0B857ADB94AD756DEF899C0A1104B1FB23EFD3DEBD55FD3D4FC9696FDD9100E0",0,"2025-11-18 17:37:24.000 UTC","v21Api7Qf9tmQ0iHYJriPRdoBhUOcOy68wKNJn47o14=","Wrz3nnPBeVSs03srudB9+IHTI8hJRbYY06qH2r4yPfg="
"-1:A7013C29851FCC2001F2DA13D0A1C1E8D46B6A4126866ED4B6C7B05DEF62DCAB",0,"2022-06-28 11:48:07.000 UTC","C38hSPxKey6QIUm/9oih0tX4tVIpNalCjHYEvaFPoeo=","7JHzkiv7T26+a8HGjSD3q0nGCGhEW9KZYlbu4Q/Rj58="
"-1:999BB2AF3D527A3FE4BD6FDAB618E488E02E79CCEB04D60BBD580EC9A3A376CF",0,"2024-04-12 18:13:53.000 UTC","kNNZNxLSJYyJ2pQIKChE/W9GZXtql3U0c+zIRlZjMIw=","WHzHie/xyE9G7DeX5F/ICaFP9a4k8eDHpqmcydyQYf8="
"-1:CE2DE5EE6ECBDF0B83D43C701A19644BED8A5809A6745362A681FAFD255047BC",0,"2024-04-12 18:13:48.000 UTC","PuStr1tFfE7bzmWfagWsdUaZQZx25xEtF7cDPsGa19g=","WHzHie/xyE9G7DeX5F/ICaFP9a4k8eDHpqmcydyQYf8="
"-1:77A769DB721904235A15A0DC0A20F0DF3680907873501F0FF337A68F16D48AF7",0,"2026-04-29 03:59:09.000 UTC","hIYS1LeDRbHg9SXgl5Zmdsu9kqRsdiroqfZacSKuTSo=","mj7BS8CY9rRAZMMFIiyuooAPF92oXuaoGYpwle3hDc8="
"-1:0E09702F3016A7DA42C6A2A58E9ECFDF3C4438B29094505A0918101FC4D65446",0,"2024-04-12 18:19:59.000 UTC","jkaOyHtB/8/5xnb33yFLMNDknsgapqLtQ/txPhqHIc4=","WHzHie/xyE9G7DeX5F/ICaFP9a4k8eDHpqmcydyQYf8="
"-1:839A27ECCFB6CABA9B0DE42C892837BB7967664206D2B6F1EB5A40FC9A87485C",0,"2024-04-12 18:19:59.000 UTC","pLdvam+rBigLswadvgtx5D3Mhb+pSQw4UH84motIFdc=","WHzHie/xyE9G7DeX5F/ICaFP9a4k8eDHpqmcydyQYf8="
"-1:2351FED8C0CDF44E80F3FBE88398DDE7A75C528188D43ED36657F90AFD9A2262",0,"2026-04-10 22:55:17.000 UTC","o/Tt+UpoEUOVgYiJ0/wnIUedVogtuvpk8zY7S/Td29Q=","mj7BS8CY9rRAZMMFIiyuooAPF92oXuaoGYpwle3hDc8="
"-1:EA0E3A20CBC27FF0FCBD968CAB2D1ED1FEFE951FEC151B1B4A34EF05BBBE2732",0,"2024-04-12 18:20:24.000 UTC","AX6YpXLu5MLb+NHQRM4aMvn6gqmvtCHrhbg9s9Ilp5s=","WHzHie/xyE9G7DeX5F/ICaFP9a4k8eDHpqmcydyQYf8="
"-1:8BA0355107C31EB4ABA4BC25F2A9C308ABFDDAD79E9A1E6EC905C844F8F54BC6",0,"2024-04-12 18:19:59.000 UTC","Xv18pMd68XkcCIwqTHh/gCvzGJoEFfyxqjtkP16qNwI=","WHzHie/xyE9G7DeX5F/ICaFP9a4k8eDHpqmcydyQYf8="
"-1:15DC5D82137623FF46832939786CCCF0F75322AA986B51E9855A4290EE4CC2EA",0,"2024-04-12 18:13:48.000 UTC","Sdcwq8yjfKzEQesk8fWrHox2Vhae8lN0a2z8e0dTSi4=","WHzHie/xyE9G7DeX5F/ICaFP9a4k8eDHpqmcydyQYf8="
"-1:8BDDA89845486FE15067EC0ADFA8515711822F05F908535CD8C46041DDEB0718",0,"2026-03-05 07:51:53.000 UTC","2FAMmKm0lQ44DkYhh1/44rnN7NX2MfBumo7NhsEJWdM=","mj7BS8CY9rRAZMMFIiyuooAPF92oXuaoGYpwle3hDc8="
"-1:27F268F82D185A9DD73ECC04393311EABE4629B8ED2CD80E592BDBBFB7A36C13",0,"2024-04-12 18:13:48.000 UTC","YWpJRaHKKZPGBeHdChI9GPd7gqpN1Dk4EDi545ItCu4=","WHzHie/xyE9G7DeX5F/ICaFP9a4k8eDHpqmcydyQYf8="
"-1:B82DBBF29E82AC1B26ABA9EDC94C8214AF97CA11BE13CFD93D2C5CD61F351480",0,"2024-04-12 18:20:24.000 UTC","bLIiuEZ5nXqaYsU13dHZ1nkuh4lF3iHKcdXmtaukKac=","WHzHie/xyE9G7DeX5F/ICaFP9a4k8eDHpqmcydyQYf8="
"0:1D9A1010B0587753F1C8091F34A3D172D7B0AAE88B51937B8EF2F5B92D34D974",0,"2024-07-28 16:38:36.000 UTC","HTQ0XM2AVhbkoakm6rr7cjFOF6xoV7BMPxDUCjbrOUI=","mg+Y3W+/Il7vgWXk5kQX7pMffuoABlNDnntdzcBkTNY="
"-1:54D342D1CA95E91DE523CC2A8551918C76E334508EC041C813B8AC6B933E15BC",0,"2026-05-18 04:29:01.000 UTC","kOWrz8wy8BKXw46T2zCkjS8yNIcFdowGubYMtaqsk1w=","mj7BS8CY9rRAZMMFIiyuooAPF92oXuaoGYpwle3hDc8="
"-1:F71F210F4C11234331C79E165B22FAC3FA88385284063C368134A0DB1E1F8B0C",0,"2023-07-25 11:21:11.000 UTC","RNDh9Qkgoc1DX0yXQuLnJzofJoznPhGhyvqGVsCEXmA=","mj7BS8CY9rRAZMMFIiyuooAPF92oXuaoGYpwle3hDc8="
"-1:5FC8AD94659BB9B39B614DA0CE955D2B1C437FCB88F4A20D16F8A1FED3761B98",0,"2024-04-12 18:19:59.000 UTC","pguFiEOQSDFCiyAjmc1ldZ3ROc1KfJxXaRxorHIWT9U=","WHzHie/xyE9G7DeX5F/ICaFP9a4k8eDHpqmcydyQYf8="
"-1:4C7203BCA30825FD381DFA7C5B14F9ADE2B1D6B94A20DCBB6BA9545030FC9574",0,"2024-04-12 18:08:45.000 UTC","sXwTTwUHezOZkKNwPD328pKv54ko90gPuGTvx9458c8=","WHzHie/xyE9G7DeX5F/ICaFP9a4k8eDHpqmcydyQYf8="
"-1:A5B1F8A8F59E72E418A365FE0F9C9ADCA5729662DE20D5AA65770127115CDDE8",0,"2024-04-12 18:13:48.000 UTC","WLv3uxTdcCZ6SQ/ziu41xXdJJCntb0q6Mp15CbBPi64=","WHzHie/xyE9G7DeX5F/ICaFP9a4k8eDHpqmcydyQYf8="
"-1:32178A177C88FB059824A9733A56C9831200AA59548A1023B5A42D0B5D6977F7",0,"2025-11-13 12:44:41.000 UTC","Aa70NDVUTVssuLMRdn4Ot4j8koUl4CZUO1MGK6YGqp4=","2s9GOKuPdHJC16F3zmLcwbF87f6YV9l6LQuRrdLuUFo="
"-1:978E6D23CE2701926070330BA10313F286717FAFA33AD7B89715555064E3CC75",0,"2026-05-18 01:41:45.000 UTC","tIsIvJN9zsmoGW5jDgF04kBpjYRtcvYRuSdzu4vq4LE=","mj7BS8CY9rRAZMMFIiyuooAPF92oXuaoGYpwle3hDc8="
"-1:263B897A641FDE68C9F53AA8CB46BAE4881712B7B9184EF242FDDCC92DDA440C",0,"2024-04-12 17:30:50.000 UTC","8a8En/TjLzksx8XL0U26ipPkrWQUVO3O9bvrH/i/nWE=","2s9GOKuPdHJC16F3zmLcwbF87f6YV9l6LQuRrdLuUFo="
"-1:A82A5B8FA8025C00CD5DEF0E00F55C7C70BF272CD758A8EE5E3989A0AE4A4A7E",0,"2026-05-17 16:41:35.000 UTC","T+V+vaQOnDS2wlnv3bgUZrULkQo6WXFs6Tu8cHqP/yg=","mj7BS8CY9rRAZMMFIiyuooAPF92oXuaoGYpwle3hDc8="
"-1:2DE03811702E6A64C74673563768A80CB0AC016BB2253429EEE476B2BEB53FCB",0,"2024-06-07 12:29:32.000 UTC","DUBAZadGWXQvQBQXXBFSd1aYSejTwWJHKkLww+oPduY=","hNr6RJ+Ypph3ibojI1gHK8D3bcRSQAKl0JGLmnXS1Zk="
"-1:0D0CA15ADE34762933AFAF5F67DFF165F09A9FDECA39D4920C21F7C12D5B91FF",0,"2024-04-12 18:13:48.000 UTC","RewaHDH6xf6OPuzDBfA4ed/oG1XQ1IBmRBT6jIzKA98=","WHzHie/xyE9G7DeX5F/ICaFP9a4k8eDHpqmcydyQYf8="
"-1:C988E774F5BAB8AF4569B870394DEE32D88BC544750910D07912CAC073F87BF2",0,"2026-05-19 07:11:47.000 UTC","9GrCfRXEtdDujYlG/Jh2yJePjmNKyOgkJJIsgeL5g6U=","mj7BS8CY9rRAZMMFIiyuooAPF92oXuaoGYpwle3hDc8="
"-1:3D2A692AB8093CD5B310964462AFA2B6F4095560CB545D5C5C904229248A7DC3",0,"2026-05-19 00:57:28.000 UTC","fraSeHUdRSYtkd0KuTgqGTO7srJ5d0w8KVQeHoMjZzI=","mj7BS8CY9rRAZMMFIiyuooAPF92oXuaoGYpwle3hDc8="
"-1:D42FA510997CB81B08B228C89F8C9A3BF207DFE96392CB222162BAAC32C6ECAF",0,"2024-06-07 12:29:32.000 UTC","aRfhaYtaIK72OEi5H0uiO5DrZRoZ1I+tAFL0bTBCAIc=","hNr6RJ+Ypph3ibojI1gHK8D3bcRSQAKl0JGLmnXS1Zk="
"-1:F2BC219F1A4C2D570540254C6D81A56A5D73477D8587873C0FBEB77A629D8C51",0,"2024-04-12 18:20:24.000 UTC","6Acjs9A2sRZVW52xO6WAm96P3R113eDoW62m1UoUsew=","WHzHie/xyE9G7DeX5F/ICaFP9a4k8eDHpqmcydyQYf8="
"-1:99DEBE0F8577B04CEDD562527FEC164B88FBAA7BFB92BCA192D864974594E800",0,"2024-06-07 12:29:32.000 UTC","BKkWRxuU4H+CFyjwwtya8VWH1BXCGPfD54Ze7Fwcivk=","hNr6RJ+Ypph3ibojI1gHK8D3bcRSQAKl0JGLmnXS1Zk="
"0:AB3649285015A3E993785B65A971AE1B6BEB5AF77DDF169EBF9493D32E56A67E",0,"2024-05-07 12:58:28.000 UTC","5KRp08GDDcIjBKKSFaQc9j6YI2FuQJ9wOJA6fTgYFyg=","LNSpafNMZQoNVDUEWBRdg44zaCfDvBPpHaEmmt2FM0Y="
"-1:2E2C6275D06CE926299F898EBAE160E4DF221CACD06EC4A62A9780D85FBCB270",0,"2026-05-15 07:27:19.000 UTC","9OaCvONp/fmHAfMuoNk0ok8lwgp68DReqxmRxzii/W4=","mj7BS8CY9rRAZMMFIiyuooAPF92oXuaoGYpwle3hDc8="
"-1:DB4C58677D8642B46FB6069D2EB99702CBDA79DB0045B77ACAFDF0AF2DC18FD9",0,"2024-04-12 18:13:48.000 UTC","z6w5ibKqO5ectq60N3YJAAhVM59d6Zo1KGlGA784Wwo=","WHzHie/xyE9G7DeX5F/ICaFP9a4k8eDHpqmcydyQYf8="
"-1:ABBE9B31BFDBE995EC0C87FCB82B74A243CED773ECEE5334811CF5616F7B59C3",0,"2026-04-10 22:49:40.000 UTC","gnkwqMK3zcql81Vg0z6uPQBlYgDAFR84SjjEP7KNUAM=","mj7BS8CY9rRAZMMFIiyuooAPF92oXuaoGYpwle3hDc8="
"0:D6A39AAD92AA1393A913E0B9191C3BB16BEFD937219490E0B47ACD1CDB8ACB34",0,"2024-10-18 20:52:05.000 UTC","Pc0uPXPxbG6Nhtg06kon6qvBT7MvX9IqKxSIsWcSeAo=","M97Ruxse9E3CsLy0JSpVFdeV596LyF5GiUd8YxV+kEo="
"-1:DF3AEB9AF5C568C0DFB3A4259BA6364285EB8CB095A19E253FA5343515E64181",0,"2025-08-19 02:37:27.000 UTC","XVUqUmV/DI5Y7rZUwIKs4JHaJErTcQX/BW2hD6UDjJ8=","mj7BS8CY9rRAZMMFIiyuooAPF92oXuaoGYpwle3hDc8="
"0:E7CCEBB6F783736C3F87175942E496B664B19D5BA8AA0C6B6285916A73187C0C",0,"2026-03-12 08:06:38.000 UTC","RxXJ9xQy9Cv5NudxOMMn8rNY9O5KurEb+9wXhQLhSfU=","aGLgDmEWadD2N8CGh8R60NuFOeblr0AzhhrT8b0BHQs="
"-1:7E0A4F1D5EF57FDEB9DE1BE56459676365B99060CB6D275A4EB0C479AB428A86",0,"2025-11-18 17:37:26.000 UTC","X7SWDmEe6MFrExVfmF+TVIZW254dM7MXEobTwVctGRY=","fg1DIg8rVlT+U3wxre+3NaKgaH45Eh4VA6bYxztkJDE="
"-1:53AD597F12A390B8438A9ED9219180BF44433C81D6D9BC3F404A02B6EEA984FF",0,"2024-04-12 18:13:53.000 UTC","gf2NiustlBS+wZLXgMyi/9OOk6FyC3THIQEFGLVSSNQ=","WHzHie/xyE9G7DeX5F/ICaFP9a4k8eDHpqmcydyQYf8="
"0:1CCED5EA964DEC193462588795876AD93B94FBD7FD9B08F1D5C5FB008A1E7DBF",0,"2024-07-22 03:29:40.000 UTC","hWaGTKAW5ZOo+KoNTqeIsoN0c1YVBsJlcm+TZ7P34DM=","75YJvYQ2X4RtoKeyJTAT3yS46uzvEGFjHCArgKVIiY0="
"-1:FC62F49C6F21783D5025730AB356EEF946EF7308E9C29B23D958A62A1A95A4D6",0,"2024-04-12 18:13:48.000 UTC","Y1vkKfYJZzQ5wliKhvCzYObzk3EU7lu93MndQXVpE8k=","WHzHie/xyE9G7DeX5F/ICaFP9a4k8eDHpqmcydyQYf8="
"0:9383ADBE6B2FFD38208078F634D3738E5923B16D2FCAA7FA398CFCE5B9D3ED24",0,"2026-04-18 19:07:18.000 UTC","y/fC+u/B98nojkxrnPY61E9uYojw5JmvQBo2gPCwIok=","v5TyrIC6Qr4GLlb7AZMIZMWdWmiBAcu9NbBCMAehkD0="
"0:D49DF02810C519FED12F6736EA1F2AC7351010792FB0010C6B0F4BBB023EFC0E",0,"2026-05-05 16:13:34.000 UTC","wx3FAxFtbUr5/NlhQ9vqOuwWK/2e9sUdM7rnQXS5Ss0=","M97Ruxse9E3CsLy0JSpVFdeV596LyF5GiUd8YxV+kEo="
"0:F87BE555E39AC0C46574E0E7DC7E5BA3CDA9771F0B495DF28F7197EA9584E0E1",0,"2024-08-15 03:24:40.000 UTC","32Ha16dv7w1Ti11Hlida6z0W48WBb5+Rn3IjMe4//1o=","er2eMh9MOp5/WmIr6zchsUY/x4L3Bz9oitAHtVLXrlk="
"-1:F3A66415C556C35C581EFAF76888304FBFB0149EEC97926317F8E8174B867774",0,"2024-04-12 18:20:24.000 UTC","rLutMdDDZbOQRreDYRwnm7EH4PkZ/7z1mzA1oiJrn6U=","WHzHie/xyE9G7DeX5F/ICaFP9a4k8eDHpqmcydyQYf8="
"-1:83C297D27B0FD55F67EDB16E3677D8E34E5990094DF3C4EFEDE0D43F6BD78BCF",0,"2024-06-07 12:29:32.000 UTC","xwVrbc/o7pK1YNEZo6C4uAOc4vgyHGEZSMF+QBqOAYk=","hNr6RJ+Ypph3ibojI1gHK8D3bcRSQAKl0JGLmnXS1Zk="
"-1:4E479CC379763E95796B249C299180EB8ACABD8907F7BDEF38BB933856C500C7",0,"2025-04-07 17:09:42.000 UTC","hiyaA48BurmBICRYxZrbSloja/SK7IK1PDW6w/F/Fl0=","wTjl4/ql3ZDNfQ+w176WJyti0pH1agqk9MlG2HgOH+4="
"-1:A17B813F6FF877770026DB5EB3636F37EEEE4F4EB4293C77F2CDF106ED16F400",0,"2025-11-18 17:37:26.000 UTC","m/0hLT+w/cLv5YTzpMHCWA42oXn82aGPMhr81qAAMxI=","Dyx1ZCAW3bPalwR7yo9BAHSSgBA/k/aa2Egg0FhUBD8="
"-1:705DA2C9A5B2C17CAFE2DC4470E1DC5BD3FF5597E82B1860BAFE469C2CAECFBB",0,"2024-04-12 18:20:24.000 UTC","VMmft6KEKuSIeFOPfAFfDiOiSNZjKe/8kHhjnxADvBw=","WHzHie/xyE9G7DeX5F/ICaFP9a4k8eDHpqmcydyQYf8="
"-1:46AFF588F81EB5845765887CD1CDA50210D0A5335FBA339CD6B1C102745D18A3",0,"2025-11-18 17:37:28.000 UTC","93G2e5TA027Tb6Kj5mQHSyz4F39oS4tjLSlU3Y9g7Vo=","9x7JCErOtKebvI20uRRWV8bkh7W18a3b7esa1Mt6QT0="
"-1:7D3425EC3E3E294A983AD468F1D86B4C861806A726041639CF88765CFC5AC068",0,"2024-09-19 22:08:57.000 UTC","d3802an3/LBmBUj9cF/46l/CE4tUK2MtXqOnx28790s=","/rX/aCDi/w2Ug+fg1iyBfYRniftK5YDIeIZtlZ2r1cA="
"-1:734FB499F1799D81BE08A6E9DDF56D3CFA9BABE19B848C85243DA46C9A7B7E14",0,"2025-11-18 17:37:26.000 UTC","hCB5ofIaYgbkCGHTwAQpdVfzMArV/LLUQ/Z3U2uphzA=","yZPPAKQkje2cFCjdNuSAUEl+CPWn71l2LVo222S0IG8="
"-1:8F3E10EE3B0388C2E3F14D7421FBDB653979840504DBFD19932B6393A42F561E",0,"2025-08-19 03:02:10.000 UTC","jr7hbPb2iTCgMZnv8hrMxnKo9CYqesqDHbFcqLh+nIk=","mj7BS8CY9rRAZMMFIiyuooAPF92oXuaoGYpwle3hDc8="
"-1:C363B885B8038C9E6E75E8A6B78585DB1323C334EED484D15B2230DAE04495C5",0,"2024-06-07 12:29:32.000 UTC","RzVEbufF6db4pFizI5qCaRQYS1kOY2Jmswy07bM6/b0=","hNr6RJ+Ypph3ibojI1gHK8D3bcRSQAKl0JGLmnXS1Zk="
"0:A1044FFBC458003C3AE7928B157F40D5433785E933FB7A5C7EB279BE17E1E8DF",0,"2025-09-12 04:21:45.000 UTC","Ai7vlE5Af+R4j/lcH3e0AsHmH/IemQejIpZGsVmAPRc=","aARYCfflX4dHkGQHH1jdZXrSinJHc9zHtLBkBDMfgJw="
"-1:67B698373C2B709590FB82B2EE0209EACD967C479303C926CBC26F0369FF1178",0,"2025-08-19 03:08:58.000 UTC","Yl2z7iIml3Ep/cKrGk9a/BPXtOrgMWp2ADGluzTnPr8=","mj7BS8CY9rRAZMMFIiyuooAPF92oXuaoGYpwle3hDc8="
"-1:595258C76A4E122631B71AB123FA6FD09B86FF51E48FD7465E8C7754147BE542",0,"2025-11-18 17:37:26.000 UTC","tVNnPAHT66/AOwFTipTFD3m8G4OqSDnbvx82K6NN/5k=","dRSdDJo7jMdQA8T4QfHZywzxgDwImhD/e64e+JLb9C8="
"-1:115D9EB58542D746B2068BA138DA0A2CC7BA36E9429EDBF52AA1C9084988F3E1",0,"2025-11-18 16:38:42.000 UTC","cZO2LYZ/VSVmZC0PPelcGDWdztt8HTXkYkPxxvOvmr4=","UtpHWnT6Yr6MjpTeMHrpIGVyU8NDULbYpP0KuYQbpbw="
"-1:FEAE6DBDDD9786E58D085FBF4F508BABF54CD22A14497B7EDF08AE7EEBE3BBFC",0,"2025-12-16 04:41:17.000 UTC","nRz1Umi4BaeekzPEZVk8NS3Wf1R91pAwek5ytUsh32I=","mj7BS8CY9rRAZMMFIiyuooAPF92oXuaoGYpwle3hDc8="
"-1:A21F769BCFD3536343B8A3D2D50B411484F6DCD571949BEB80B6F64FCFAA13C2",0,"2024-06-04 09:23:36.000 UTC","IdSakOFNQ5YKufBhBGefWnYZJlmwwIaxV+gcQlj3Yj0=","mj7BS8CY9rRAZMMFIiyuooAPF92oXuaoGYpwle3hDc8="
"-1:AA80D92AB700E6B884EA5CB793157E58DA57E4623FAE261A0093F4A4A80C16FF",0,"2026-05-13 19:55:54.000 UTC","2iKuU9ykhX3+v1eKAIC0R3uxlyYRvuRQ5v+S4q/z5M8=","mj7BS8CY9rRAZMMFIiyuooAPF92oXuaoGYpwle3hDc8="
"-1:F05185CF498E12AC6146BEA7D0AF7385029E3362C3BB1450C9A0367D29FA1477",0,"2025-11-18 17:37:31.000 UTC","2Kwsp7r8pOlSYp+hAXmtOAN/bHxg+u6a+o5FCOIjJ50=","Hca7/BlGyKTW6jN2zFSZ6DrbTjnuCAtEhnYpn8VRsOE="
"-1:DCA6A3BEAB51A18E18E503CF1440270347920E030D9B5F269E2E32B459B3E19E",0,"2023-02-06 12:38:57.000 UTC","d0tfjTHqWRLW9VJnoMDe1NTAqVIo8tyjYnuNwshlvr0=","mj7BS8CY9rRAZMMFIiyuooAPF92oXuaoGYpwle3hDc8="
"0:34DDDA1288F1401BC97031A76EE5815093F154C9378E7E6C6A6EDDA44D590BF4",0,"2025-04-09 16:13:13.000 UTC","xxZjNVx+NMgLyOoUwGk4HKDq5tsRwYwDum62Dq7MYps=","Vqwh1grMw6UgZ4VeYH4mhqdwFhXw+2z3jwj7hQ+l1Rk="
"0:B533E93BA79EADEB16C1DC333ACB3B36088A2F3D5EA0F96BD30E2282CCD5C92B",0,"2024-01-17 19:54:01.000 UTC","6fU8g3Ga0nzn18KsjDH3kxU8n0nz0Fp2uBd7kEV15Tc=","mg+Y3W+/Il7vgWXk5kQX7pMffuoABlNDnntdzcBkTNY="
"-1:68CE6BC74C1D524F7CECF364DD12E5A5AA9EB55C59663E298377CFBCC29DF6B1",0,"2024-03-10 10:51:19.000 UTC","MJ4zT6rdE/b/xPNRTknXRKpVbWYmZP4kY2qg8lUkUgE=","devQxHONO9NhWZ2b0k4ENzRiOccXGPO7/Snu9WFjsNc="
"-1:FAE10C223351714F82568C6C1034A88F50DA5DB8725BD39F52AB5B924A7ABAE0",0,"2025-02-21 00:28:15.000 UTC","XO/v9pH876yhdY444rZwQd5zxHSECprcjhjebBbKTEU=","SQbbmmqX7W+TWnei9xtJhdC//T6uDulNTOwNGpDT2Q4="
"0:5EC6563607412BBFEF09EE7171DA044B3ABAAC4F11B0B8AF191D0CE634B9C906",0,"2024-05-18 14:11:01.000 UTC","R5lG5pN3FOHxtvWHnpPzzMNFEFyhcNgB3SJb1SAMczQ=","ELXFibUEE46qUSFGOoRfVgEdDcxi87cdgDIJz4E6iQ0="
"0:36785192E0E7B8BAADD558A8045A97758F355B2C4DF28726C544115EC311FE33",0,"2024-06-05 22:16:36.000 UTC","j3ZwfVMLvK2Ajt3xw7A6CcKrUbWyyqBSVUtnOTcNJYg=","PMqzZX5128vxvIFi9UgjphpklbgBsvwuBbSY40m5xCA="
"-1:A5E3973673B59868C8CA4E22234A100DA41AD5255D9D55BB571DECD1AADDD3D3",0,"2023-01-17 09:46:44.000 UTC","mCRg2u5wwp8yegn7QxcuJ+dzAx7qDgZZ2kcEwPmnAjA=","iPv4GOR9XzKPfcNLrUMjuyihLsbHXOnsJdd3RsVuHe0="
"-1:F4CB41B10ADFC087E8F05D26B0ACFF4FCB3046C134D088049EEE3C64891109EC",0,"2025-11-18 16:38:30.000 UTC","mRYEASe7QvbOf6LyLo/ORz8fIDNsZcwBm/LVRYypZoc=","aXmy7Cmwz8Tw8IBty23ccbN9f8qymov0Mcl3cInTAk8="
"-1:B63264AC67520B5432204D1DFBBDC82C0D28879110ED9863AD87CADA209ACDAD",0,"2025-11-18 17:37:31.000 UTC","YtBOL8oDn75uysIwkoLgaUI7MmguY84mRtXGxJx7VNg=","1JAvzJ+tdGmPqONTIgpo2g3PcuMryy657gQhfBfTBiw="
